id,heading,location,timestamp,price,coords,url,img
287749017,Espresso kaffemaskin til salgs!,Drammen,1673784960000,500,"59.76085,10.13927",https://www.finn.no/bap/forsale/ad.html?finnkode=287749017,https://images.finncdn.no/dynamic/default/2023/1/vertical-0/15/7/287/749/017_1584133168.jpg
285680247,kaffemaskin / espresso / lungo maskin til en gi-bort pris. Dolce Gusto,Oslo,1672231620000,250,"59.9341,10.7262",https://www.finn.no/bap/forsale/ad.html?finnkode=285680247,https://images.finncdn.no/dynamic/default/2022/12/vertical-0/28/7/285/680/247_1391540552.jpg
284086403,"Espresso kaffemaskin, Vertuo Next",Oslo,1670679960000,400,"59.85411,10.80916",https://www.finn.no/bap/forsale/ad.html?finnkode=284086403,https://images.finncdn.no/dynamic/default/2022/12/vertical-0/10/3/284/086/403_1063794086.jpg
233414245,AMBIENTE-2 ITALIENSK ESPRESSO-MASKIN,Oslo,1674420240000,2400,"59.91591,10.81824",https://www.finn.no/bap/forsale/ad.html?finnkode=233414245,https://images.finncdn.no/dynamic/default/2021/9/vertical-0/27/5/233/414/245_1860367629.jpg
271894128,ALESSI elektrisk espresso koker (Original RS07),Oslo,1674225960000,1500,"59.9083,10.76139",https://www.finn.no/bap/forsale/ad.html?finnkode=271894128,https://images.finncdn.no/dynamic/default/2022/9/vertical-0/05/8/271/894/128_2043394808.png
275705933,Kaffemaskin til tyrkisk kaffe / tyrkisk espresso,Ski,1670142600000,1200,"59.72011,10.81583",https://www.finn.no/bap/forsale/ad.html?finnkode=275705933,https://images.finncdn.no/dynamic/default/2022/10/vertical-0/04/3/275/705/933_1518978593.jpg
288011811,Filterholder for espresso 57 mm,Oslo,1673945280000,250,"59.9368,10.77551",https://www.finn.no/bap/forsale/ad.html?finnkode=288011811,https://images.finncdn.no/dynamic/default/2023/1/vertical-0/17/1/288/011/811_87052573.jpg
246778874,Faema espresso italiano kaffemaskin pent brukt,Oslo,1669875780000,17000,"59.93124,10.73861",https://www.finn.no/bap/forsale/ad.html?finnkode=246778874,https://images.finncdn.no/dynamic/default/2022/1/vertical-0/31/4/246/778/874_2031879039.jpg
256069848,Krups kaffetrakter/Cappuccino/Espresso,Oslo,1673822820000,500,"59.93763,10.92448",https://www.finn.no/bap/forsale/ad.html?finnkode=256069848,https://images.finncdn.no/dynamic/default/2022/4/vertical-0/25/8/256/069/848_1411504129.jpg
268972146,Espresso Vertuo kaffemaskin,Oslo,1669567440000,500,"59.94136,10.63582",https://www.finn.no/bap/forsale/ad.html?finnkode=268972146,https://images.finncdn.no/dynamic/default/2022/8/vertical-0/13/6/268/972/146_1724255407.jpg
264827547,Kvalitets- espresso maker fra Shaki. Stor.,Oslo,1673535660000,500,"59.9427,10.641",https://www.finn.no/bap/forsale/ad.html?finnkode=264827547,https://images.finncdn.no/dynamic/default/2022/7/vertical-0/09/7/264/827/547_1296230252.jpg
287411810,Espresso kaffe maskin,Sandvika,1673533140000,100,"59.89876,10.49422",https://www.finn.no/bap/forsale/ad.html?finnkode=287411810,https://images.finncdn.no/dynamic/default/2023/1/vertical-0/12/0/287/411/810_1309582315.jpg
287106654,DeLonghi Espresso og cappuccino maskin,Blommenholm,1673298480000,3000,"59.8971,10.5549",https://www.finn.no/bap/forsale/ad.html?finnkode=287106654,https://images.finncdn.no/dynamic/default/2023/1/vertical-0/09/4/287/106/654_543867456.jpg
286941902,Ariete espresso maskin,Oslo,1673198160000,1500,"59.90173,10.78307",https://www.finn.no/bap/forsale/ad.html?finnkode=286941902,https://images.finncdn.no/dynamic/default/2023/1/vertical-0/08/2/286/941/902_1555616302.jpg
286938578,Zynchro espresso maskin,Drammen,1673197320000,18000,"59.74439,10.19098",https://www.finn.no/bap/forsale/ad.html?finnkode=286938578,https://images.finncdn.no/dynamic/default/2023/1/vertical-0/08/8/286/938/578_1611361191.jpg
285311000,Kaffe maskin /Espresso/Krups,Lier,1671746940000,500,"59.79071,10.25235",https://www.finn.no/bap/forsale/ad.html?finnkode=285311000,https://images.finncdn.no/dynamic/default/2022/12/vertical-0/22/0/285/311/000_1638458495.jpg
283569762,Rocket Espresso Giro d'Italia nr. 68/100 produserte,Lysaker,1670275080000,18000,"59.90554,10.62307",https://www.finn.no/bap/forsale/ad.html?finnkode=283569762,https://images.finncdn.no/dynamic/default/2022/12/vertical-0/05/2/283/569/762_667549564.png
275114744,Ascaso Steel Uno espresso maskin,Ski,1669753380000,3200,"59.7216,10.82323",https://www.finn.no/bap/forsale/ad.html?finnkode=275114744,https://images.finncdn.no/dynamic/default/2022/9/vertical-0/30/4/275/114/744_1180028727.jpg
269570364,kaffemaskin Vakuum - metoden,Oslo,1674404040000,0,"59.96542,10.74724",https://www.finn.no/bap/forsale/ad.html?finnkode=269570364,https://images.finncdn.no/dynamic/default/2022/8/vertical-0/18/4/269/570/364_1754321444.jpg
288392160,HLF premium kaffemaskin,Oslo,1674287460000,5000,"59.9509,10.85101",https://www.finn.no/bap/forsale/ad.html?finnkode=288392160,https://images.finncdn.no/dynamic/default/2023/1/vertical-0/20/0/288/392/160_369739264.jpg
288421818,Sage Barista Express kaffemaskin BES875UK (stål),Oslo,1674238740000,5000,"59.94446,10.76914",https://www.finn.no/bap/forsale/ad.html?finnkode=288421818,https://images.finncdn.no/dynamic/default/2023/1/vertical-0/20/8/288/421/818_604062292.jpg
286507858,Siemens EQ.6 Plus S300 kaffemaskin,Slemmestad,1672914720000,5000,"59.7804,10.4988",https://www.finn.no/bap/forsale/ad.html?finnkode=286507858,https://images.finncdn.no/dynamic/default/2023/1/vertical-0/05/8/286/507/858_440332667.jpg
278593474,Kaffemaskin,Oslo,1671974160000,1800,"59.9522,10.91461",https://www.finn.no/bap/forsale/ad.html?finnkode=278593474,https://images.finncdn.no/dynamic/default/2022/10/vertical-0/26/4/278/593/474_1381376799.jpg
284395704,Kaffemaskin priumlator WMF 1200S,Oslo,1670913600000,8000,"59.91237,10.76521",https://www.finn.no/bap/forsale/ad.html?finnkode=284395704,https://images.finncdn.no/dynamic/default/2022/12/vertical-0/13/4/284/395/704_1706268353.jpg
185434802,"Kaffemaskin,",Sætre,1670351220000,4000,"59.6815,10.527",https://www.finn.no/bap/forsale/ad.html?finnkode=185434802,https://images.finncdn.no/dynamic/default/2020/7/vertical-0/21/2/185/434/802_837056349.jpg
283402550,Kaffemaskin Nescafé,Oslo,1670168940000,650,"59.9314,10.71801",https://www.finn.no/bap/forsale/ad.html?finnkode=283402550,https://images.finncdn.no/dynamic/default/2022/12/vertical-0/16/0/283/402/550_1673607478.jpg
229461399,"Kaffemaskin (EK'oh pod maskin, sort)",Oslo,1670230080000,800,"59.9197,10.7671",https://www.finn.no/bap/forsale/ad.html?finnkode=229461399,https://images.finncdn.no/dynamic/default/2021/8/vertical-0/23/9/229/461/399_372831242.png
220960117,Simens Titanium series  supresso Compact kaffemaskin.,Oslo,1670214060000,300,"59.865,10.8026",https://www.finn.no/bap/forsale/ad.html?finnkode=220960117,https://images.finncdn.no/dynamic/default/2021/6/vertical-0/05/7/220/960/117_2041079063.jpg
251797942,Kaffemaskin,Drammen,1669898040000,6000,"59.74315,10.21556",https://www.finn.no/bap/forsale/ad.html?finnkode=251797942,https://images.finncdn.no/dynamic/default/2022/3/vertical-0/23/2/251/797/942_1556364370.jpg
288712040,Perfekt til deg som har en barista i magen: DeLonghi Dedica espressomaskin,Oslo,1674427560000,1400,"59.92273,10.73379",https://www.finn.no/bap/forsale/ad.html?finnkode=288712040,https://images.finncdn.no/dynamic/default/2023/1/vertical-0/22/0/288/712/040_366345598.jpg
288707754,Kitchenaid kaffetrakter,Oslo,1674424500000,1800,"59.94214,10.6973",https://www.finn.no/bap/forsale/ad.html?finnkode=288707754,https://images.finncdn.no/dynamic/default/2023/1/vertical-0/22/4/288/707/754_421396773.jpg
288581086,Krups kaffekvern,Oslo,1674381360000,200,"59.9243,10.65949",https://www.finn.no/bap/forsale/ad.html?finnkode=288581086,https://images.finncdn.no/dynamic/default/2023/1/vertical-0/22/6/288/581/086_1127383463.jpg
288111282,Wilfa kaffekvern,Oslo,1673992560000,500,"59.92005,10.78566",https://www.finn.no/bap/forsale/ad.html?finnkode=288111282,https://images.finncdn.no/dynamic/default/2023/1/vertical-0/17/2/288/111/282_1614558207.jpg
179518465,Rancilio Silvia espressomaskin med PID,Oslo,1674178200000,0,"59.92094,10.76771",https://www.finn.no/bap/forsale/ad.html?finnkode=179518465,https://images.finncdn.no/dynamic/default/2020/5/vertical-0/20/5/179/518/465_1496693743.jpg
281428441,Isomac Tea E61 (beste espressomaskin med varmeveksler),Oslo,1674049380000,0,"59.92094,10.76771",https://www.finn.no/bap/forsale/ad.html?finnkode=281428441,https://images.finncdn.no/dynamic/default/2022/11/vertical-0/18/1/281/428/441_1416958054.jpg
272899768,Jura GIGA X3c,Oslo,1673863920000,25000,"59.91353,10.73174",https://www.finn.no/bap/forsale/ad.html?finnkode=272899768,https://images.finncdn.no/dynamic/default/2022/9/vertical-0/13/8/272/899/768_2086276482.jpg
268815905,"La Nuova Era Altea Retro (3 grp), rustfritt, espressomaskin",Drammen,1673971560000,13500,"59.7394,10.1647",https://www.finn.no/bap/forsale/ad.html?finnkode=268815905,https://images.finncdn.no/dynamic/default/2022/8/vertical-0/12/5/268/815/905_90900277.jpg
272898586,Jura Impressa X9,Oslo,1673863980000,9500,"59.91353,10.73174",https://www.finn.no/bap/forsale/ad.html?finnkode=272898586,https://images.finncdn.no/dynamic/default/2022/9/vertical-0/13/6/272/898/586_1385716483.jpg
281304610,Franke A 400 pris på en ny uten skatt 90 000 er mulig å utstede faktura,Oslo,1673947320000,35000,"59.95365,10.6629",https://www.finn.no/bap/forsale/ad.html?finnkode=281304610,https://images.finncdn.no/dynamic/default/2022/11/vertical-0/30/0/281/304/610_712036861.jpg
287597947,Eureka Mignon Perfetto kaffekvern,Rasta,1673690220000,3650,"59.92123,10.93862",https://www.finn.no/bap/forsale/ad.html?finnkode=287597947,https://images.finncdn.no/dynamic/default/2023/1/vertical-0/14/7/287/597/947_503134331.jpg
263433725,Melitta E 970 - 101,Oslo,1674652200000,2499,"59.9321,10.65521",https://www.finn.no/bap/forsale/ad.html?finnkode=263433725,https://images.finncdn.no/dynamic/default/2022/6/vertical-0/26/5/263/433/725_286278446.jpg
289112445,Delonghi espresso- / kaffemaskin med melkeskummer,Oslo,1674739560000,1500,"59.92389,10.63762",https://www.finn.no/bap/forsale/ad.html?finnkode=289112445,https://images.finncdn.no/dynamic/default/2023/1/vertical-0/26/5/289/112/445_1641655767.jpg
289146867,Delonghi Autentica Espressomaskin,Vinterbro,1674756960000,1300,"59.7343,10.75612",https://www.finn.no/bap/forsale/ad.html?finnkode=289146867,https://images.finncdn.no/dynamic/default/2023/1/vertical-0/26/7/289/146/867_650031038.jpg
289243910,Delonghi dedica Espresso maskin,Oslo,1674835080000,999,"59.9123,10.7252",https://www.finn.no/bap/forsale/ad.html?finnkode=289243910,https://images.finncdn.no/dynamic/default/2023/1/vertical-0/27/0/289/243/910_692804071.jpg
69589979,Gaggia Classic - service januar 2023,Oslo,1674838680000,0,"59.92094,10.76771",https://www.finn.no/bap/forsale/ad.html?finnkode=69589979,https://images.finncdn.no/dynamic/default/2019/11/vertical-5/26/9/695/899/79_1984685606.jpg
289326751,Kaffemaskin Philips EP5365,Oslo,1674907740000,1500,"59.83155,10.7991",https://www.finn.no/bap/forsale/ad.html?finnkode=289326751,https://images.finncdn.no/dynamic/default/2023/1/vertical-0/28/1/289/326/751_1617322604.jpg
267235608,Tidenes Espresso startpakke - Gaggia Classic + Eureka Mignon,Mjøndalen,1674920220000,3500,"59.7507,10.0248",https://www.finn.no/bap/forsale/ad.html?finnkode=267235608,https://images.finncdn.no/dynamic/default/2023/1/vertical-0/28/8/267/235/608_2111535111.jpg
289428518,Base til Rancilio espresso,Oslo,1674986700000,450,"59.88792,10.83885",https://www.finn.no/bap/forsale/ad.html?finnkode=289428518,https://images.finncdn.no/dynamic/default/2023/1/vertical-0/29/8/289/428/518_1852273565.jpg
289602771,Siemens EQ.5 Kaffemaskin,Oslo,1675081560000,1000,"59.92098,10.67923",https://www.finn.no/bap/forsale/ad.html?finnkode=289602771,https://images.finncdn.no/dynamic/default/2023/1/vertical-0/30/1/289/602/771_1412651882.jpg
289626110,Espresso Maskin,Oslo,1675088220000,350,"59.92115,10.71661",https://www.finn.no/bap/forsale/ad.html?finnkode=289626110,https://images.finncdn.no/dynamic/default/2023/1/vertical-0/30/0/289/626/110_806018635.jpg
289626746,Gagggia Classic Espressomaskin 2stk,Vettre,1675088940000,500,"59.8257,10.46919",https://www.finn.no/bap/forsale/ad.html?finnkode=289626746,https://images.finncdn.no/dynamic/default/2023/1/vertical-0/30/6/289/626/746_518666310.jpg
289644127,Miele CM5300 kaffemaskin,Drammen,1675108260000,3900,"59.74825,10.20919",https://www.finn.no/bap/forsale/ad.html?finnkode=289644127,https://images.finncdn.no/dynamic/default/2023/1/vertical-0/30/7/289/644/127_1020756177.jpg
289739100,Kaffekvern fra Melitta Molino,Oslo,1675170660000,200,"59.94425,10.77366",https://www.finn.no/bap/forsale/ad.html?finnkode=289739100,https://images.finncdn.no/dynamic/default/2023/1/vertical-0/31/0/289/739/100_415586878.jpg
289762052,DeLonghi Kaffemaskin,Oslo,1675183680000,4500,"59.89142,10.80932",https://www.finn.no/bap/forsale/ad.html?finnkode=289762052,https://images.finncdn.no/dynamic/default/2023/1/vertical-0/31/2/289/762/052_57991496.jpg
282622188,NESPRESSO® Lattissima Pro,Oppegård,1675241220000,2000,"59.76334,10.81412",https://www.finn.no/bap/forsale/ad.html?finnkode=282622188,https://images.finncdn.no/dynamic/default/2022/11/vertical-0/28/8/282/622/188_1698976912.jpg
289829974,"Espressomaskin espresso maker rød, brukt kaffemaskin",Oslo,1675243200000,100,"59.92228,10.7319",https://www.finn.no/bap/forsale/ad.html?finnkode=289829974,https://images.finncdn.no/dynamic/default/2023/2/vertical-0/01/4/289/829/974_47556977.jpg
289929186,Veromatic kaffemaskiner for hele bønner,Oslo,1675297080000,2000,"59.91382,10.65045",https://www.finn.no/bap/forsale/ad.html?finnkode=289929186,https://images.finncdn.no/dynamic/default/2023/2/vertical-0/01/6/289/929/186_1548640229.jpg
289941325,Kaffemaskin Phillips,Sætre,1675330260000,1500,"59.6815,10.527",https://www.finn.no/bap/forsale/ad.html?finnkode=289941325,https://images.finncdn.no/dynamic/default/2023/2/vertical-0/02/5/289/941/325_1142039398.jpg
290206647,Kaffekvern,Oslo,1675515780000,50,"59.94151,10.90171",https://www.finn.no/bap/forsale/ad.html?finnkode=290206647,https://images.finncdn.no/dynamic/default/2023/2/vertical-0/04/7/290/206/647_1236397200.jpg
290243337,Baratza Sette 270Wi kaffekvern,Oslo,1675530720000,4000,"59.9274,10.75949",https://www.finn.no/bap/forsale/ad.html?finnkode=290243337,https://images.finncdn.no/dynamic/default/2023/2/vertical-0/04/7/290/243/337_797217328.jpg
290305768,EQ9 s300-Espressomaskinen,Hvalstad,1675594320000,5990,"59.85832,10.46149",https://www.finn.no/bap/forsale/ad.html?finnkode=290305768,https://images.finncdn.no/dynamic/default/2023/2/vertical-0/05/8/290/305/768_1969919903.jpg
279059621,kaffemaskin Espresso,Billingstad,1675613040000,550,"59.87486,10.48444",https://www.finn.no/bap/forsale/ad.html?finnkode=279059621,https://images.finncdn.no/dynamic/default/2022/10/vertical-0/31/1/279/059/621_268356141.jpg
290432625,Utstyr til kaffemaskin - til espresso,Oslo,1675660980000,250,"59.94121,10.76043",https://www.finn.no/bap/forsale/ad.html?finnkode=290432625,https://images.finncdn.no/dynamic/default/2023/2/vertical-0/06/5/290/432/625_749104408.jpg
290686656,Kaffemaskin,Krokkleiva,1675835400000,2000,"60.062,10.31051",https://www.finn.no/bap/forsale/ad.html?finnkode=290686656,https://images.finncdn.no/dynamic/default/2023/2/vertical-0/08/6/290/686/656_74056474.jpg
290699505,CONTI espresso og kaffemaskin + kaffekvern,Oslo,1675847580000,4000,"59.92743,10.7652",https://www.finn.no/bap/forsale/ad.html?finnkode=290699505,https://images.finncdn.no/dynamic/default/2023/2/vertical-0/08/5/290/699/505_1911874836.jpg
283753876,*Reservert* Rancilio Silvia espressomaskin v2022,Oslo,1675870380000,5600,"59.91909,10.79189",https://www.finn.no/bap/forsale/ad.html?finnkode=283753876,https://images.finncdn.no/dynamic/default/2022/12/vertical-0/07/6/283/753/876_1942797412.jpg
290852876,SIEMENS TE501205RW ESPRESSO MASKIN,Oslo,1675953300000,1300,"59.9373,10.76581",https://www.finn.no/bap/forsale/ad.html?finnkode=290852876,https://images.finncdn.no/dynamic/default/2023/2/vertical-0/09/6/290/852/876_1382111820.jpg
290947994,Philips saeco kaffemaskin espressomaskin hvit farge,Oslo,1676031180000,2800,"59.9075,10.7739",https://www.finn.no/bap/forsale/ad.html?finnkode=290947994,https://images.finncdn.no/dynamic/default/2023/2/vertical-0/10/4/290/947/994_1758841179.jpg
290962394,Isomac Zaffiro Espressomaskin og kvern,Snarøya,1676038440000,7500,"59.89004,10.62914",https://www.finn.no/bap/forsale/ad.html?finnkode=290962394,https://images.finncdn.no/dynamic/default/2023/2/vertical-0/10/4/290/962/394_484613525.jpg
290984780,Motta 57mm tamper,Oslo,1676050020000,200,"59.9427,10.7599",https://www.finn.no/bap/forsale/ad.html?finnkode=290984780,https://images.finncdn.no/dynamic/default/2023/2/vertical-0/10/0/290/984/780_1712102773.jpg
291027449,Krups EA9010 Espressomaskin,Oslo,1676106060000,4000,"59.91449,10.81916",https://www.finn.no/bap/forsale/ad.html?finnkode=291027449,https://images.finncdn.no/dynamic/default/2023/2/vertical-0/11/9/291/027/449_426502380.jpg
291041276,Francis Francis X1 espresso maskin,Oslo,1676111580000,2000,"59.95659,10.68151",https://www.finn.no/bap/forsale/ad.html?finnkode=291041276,https://images.finncdn.no/dynamic/default/2023/2/vertical-0/11/6/291/041/276_1552857851.jpg
291146183,Delonghi Magnifica S Espresso maskin,Oslo,1676193480000,2200,"59.90118,10.67658",https://www.finn.no/bap/forsale/ad.html?finnkode=291146183,https://images.finncdn.no/dynamic/default/2023/2/vertical-0/12/3/291/146/183_1336266521.jpg
291107306,GRUNDIG KVA 4830 HELAUTOMATISK ESPRESSO KAFFEMASKIN,Oslo,1676203860000,2500,"59.8678,10.81319",https://www.finn.no/bap/forsale/ad.html?finnkode=291107306,https://images.finncdn.no/dynamic/default/2023/2/vertical-0/11/6/291/107/306_124582060.png
291178384,Ascaso steel I-1 espresso kvern,Oslo,1676204700000,2000,"59.91206,10.76586",https://www.finn.no/bap/forsale/ad.html?finnkode=291178384,https://images.finncdn.no/dynamic/default/2023/2/vertical-0/12/4/291/178/384_1753973116.jpg
291248106,WMF Lumero Kaffemaskin,Oslo,1676228760000,2200,"59.9417,10.76096",https://www.finn.no/bap/forsale/ad.html?finnkode=291248106,https://images.finncdn.no/dynamic/default/2023/2/vertical-0/12/6/291/248/106_1816223743.jpg
278917653,Decent espresso funnel,Oslo,1676269560000,700,"59.91909,10.79189",https://www.finn.no/bap/forsale/ad.html?finnkode=278917653,https://images.finncdn.no/dynamic/default/2022/10/vertical-0/29/3/278/917/653_1012145621.jpg
287543797,Delonghi kaffemaskin,Drammen,1676310780000,1199,"59.7491,10.18319",https://www.finn.no/bap/forsale/ad.html?finnkode=287543797,https://images.finncdn.no/dynamic/default/2023/2/vertical-0/13/7/287/543/797_1763772392.jpg
291364898,Decent espresso funnel,Oslo,1676312580000,700,"59.91612,10.79535",https://www.finn.no/bap/forsale/ad.html?finnkode=291364898,https://images.finncdn.no/dynamic/default/2023/2/vertical-0/13/8/291/364/898_2146919057.jpg
291356443,Nivone nicr779 espresso maskin,Oslo,1676309160000,6500,"59.9075,10.7739",https://www.finn.no/bap/forsale/ad.html?finnkode=291356443,https://images.finncdn.no/dynamic/default/2023/2/vertical-0/13/3/291/356/443_802669566.jpg
291404419,"Espressomaskin espresso maker rød, brukt kaffemaskin",Oslo,1676361180000,100,"59.92228,10.7319",https://www.finn.no/bap/forsale/ad.html?finnkode=291404419,https://images.finncdn.no/dynamic/default/2023/2/vertical-0/14/9/291/404/419_286260956.jpg
291420404,la Pavoni professional espressomaskin,Oppegård,1676369880000,8000,"59.76856,10.81623",https://www.finn.no/bap/forsale/ad.html?finnkode=291420404,https://images.finncdn.no/dynamic/default/2023/2/vertical-0/14/4/291/420/404_1956861321.jpg
291536494,Helautomatisk espressomaskin fra DeLonghi,Oslo,1676460300000,4000,"59.9083,10.76139",https://www.finn.no/bap/forsale/ad.html?finnkode=291536494,https://images.finncdn.no/dynamic/default/2023/2/vertical-0/15/4/291/536/494_2010556951.jpg
291634951,Delonghi Dedica kaffemaskin,Solbergelva,1676534280000,500,"59.76298,10.1065",https://www.finn.no/bap/forsale/ad.html?finnkode=291634951,https://images.finncdn.no/dynamic/default/2023/2/vertical-0/16/1/291/634/951_376815849.jpg
291724409,Rancilio Rocky,Oslo,1676580660000,1750,"59.90723,10.76821",https://www.finn.no/bap/forsale/ad.html?finnkode=291724409,https://images.finncdn.no/dynamic/default/2023/2/vertical-0/16/9/291/724/409_1593524692.jpg
291798405,Sage Barista Express lite brukt.,Oslo,1676648220000,4500,"59.9427,10.7599",https://www.finn.no/bap/forsale/ad.html?finnkode=291798405,https://images.finncdn.no/dynamic/default/2023/2/vertical-0/17/5/291/798/405_1338741031.jpg
291837310,Gicar ThermoPID kretskort // delvis uleselig skjerm,Oslo,1676673540000,250,"59.93168,10.72587",https://www.finn.no/bap/forsale/ad.html?finnkode=291837310,https://images.finncdn.no/dynamic/default/2023/2/vertical-0/17/0/291/837/310_838913858.jpg
291884530,espessomaskin,Jar,1676724600000,0,"59.93001,10.61386",https://www.finn.no/bap/forsale/ad.html?finnkode=291884530,https://images.finncdn.no/dynamic/default/2023/2/vertical-0/18/0/291/884/530_1978286357.jpg
291902627,"Kaffekvern, Wilfa",Oslo,1676729700000,300,"59.90325,10.77262",https://www.finn.no/bap/forsale/ad.html?finnkode=291902627,https://images.finncdn.no/dynamic/default/2023/2/vertical-0/18/7/291/902/627_1197058749.jpg
291940031,De longhi espresso machine not working,Oslo,1676747700000,100,"59.92442,10.75568",https://www.finn.no/bap/forsale/ad.html?finnkode=291940031,https://images.finncdn.no/dynamic/default/2023/2/vertical-0/18/1/291/940/031_223920804.jpg
291987478,Ny kaffekvern fra Molino,Oslo,1676803320000,320,"59.92114,10.66194",https://www.finn.no/bap/forsale/ad.html?finnkode=291987478,https://images.finncdn.no/dynamic/default/2023/2/vertical-0/19/8/291/987/478_1679102675.jpg
292017931,Kitchen Aid Artisan espresso machine,Blommenholm,1676815260000,3000,"59.89574,10.53745",https://www.finn.no/bap/forsale/ad.html?finnkode=292017931,https://images.finncdn.no/dynamic/default/2023/2/vertical-0/19/1/292/017/931_1331712394.jpg
292198124,Siemens kaffemaskin,Oslo,1676922540000,500,"59.92971,10.67225",https://www.finn.no/bap/forsale/ad.html?finnkode=292198124,https://images.finncdn.no/dynamic/default/2023/2/vertical-0/20/4/292/198/124_1458598723.jpg
292222392,Crem Expobar Mini Barista,Oslo,1676959860000,7200,"59.93835,10.81651",https://www.finn.no/bap/forsale/ad.html?finnkode=292222392,https://images.finncdn.no/dynamic/default/2023/2/vertical-0/21/2/292/222/392_901971484.jpg
292245426,delonghi dedica kvern,Oslo,1676973780000,850,"59.9427,10.7599",https://www.finn.no/bap/forsale/ad.html?finnkode=292245426,https://images.finncdn.no/dynamic/default/2023/2/vertical-0/21/6/292/245/426_1679510150.jpg
292254094,Ikea kaffe / espresso maskin,Hyggen,1676978160000,200,"59.7163,10.36981",https://www.finn.no/bap/forsale/ad.html?finnkode=292254094,https://images.finncdn.no/dynamic/default/2023/2/vertical-0/21/4/292/254/094_1282570685.jpg
278344850,Nescafé Dolce Gusto Esperta kapselmaskin (sort),Oslo,1676984580000,729,"59.9321,10.65521",https://www.finn.no/bap/forsale/ad.html?finnkode=278344850,https://images.finncdn.no/dynamic/default/2022/10/vertical-0/24/0/278/344/850_1706506500.jpg
292322728,Kaffemaskin,Oslo,1677010380000,1200,"59.9099,10.7466",https://www.finn.no/bap/forsale/ad.html?finnkode=292322728,https://images.finncdn.no/dynamic/default/2023/2/vertical-0/21/8/292/322/728_1910499684.jpg
271515124,Bosch Tassimo,Solbergelva,1677098700000,150,"59.7634,10.07869",https://www.finn.no/bap/forsale/ad.html?finnkode=271515124,https://images.finncdn.no/dynamic/default/2022/9/vertical-0/02/4/271/515/124_1548408233.jpg
292450340,Lattissima One Sort DeLonghi,Ås,1677103260000,1299,"59.65166,10.81385",https://www.finn.no/bap/forsale/ad.html?finnkode=292450340,https://images.finncdn.no/dynamic/default/2023/2/vertical-0/22/0/292/450/340_1813300208.jpg
256652545,LaPavoni espressomaskin,Oslo,1677104820000,8500,"59.9174,10.8192",https://www.finn.no/bap/forsale/ad.html?finnkode=256652545,https://images.finncdn.no/dynamic/default/2022/4/vertical-0/30/5/256/652/545_1303682524.jpg
292198634,Saeco Moltio HD8768 helautomatisk espressomaskin,Oslo,1676921880000,4000,"59.93507,10.71094",https://www.finn.no/bap/forsale/ad.html?finnkode=292198634,https://images.finncdn.no/dynamic/default/2023/2/vertical-0/20/4/292/198/634_1223258268.jpg
292689820,Pphilips  Espresso,Asker,1677319380000,1000,"59.8271,10.37402",https://www.finn.no/bap/forsale/ad.html?finnkode=292689820,https://images.finncdn.no/dynamic/default/2023/2/vertical-0/25/0/292/689/820_283073564.jpg
292826164,"AEG KKE884500B KAFFEMASKIN/ESPRESSOMASKIN demo, som ny",Oslo,1677412260000,14900,"59.9005,10.7971",https://www.finn.no/bap/forsale/ad.html?finnkode=292826164,https://images.finncdn.no/dynamic/default/2023/2/vertical-0/26/4/292/826/164_68106491.jpg
292816076,Jura Impressa Z5,Oslo,1677412680000,3900,"59.91024,10.81072",https://www.finn.no/bap/forsale/ad.html?finnkode=292816076,https://images.finncdn.no/dynamic/default/2023/2/vertical-0/26/6/292/816/076_844011223.jpg
207162752,La Piccola Cecilia Espresso,Oslo,1677419940000,7000,"59.9129,10.79551",https://www.finn.no/bap/forsale/ad.html?finnkode=207162752,https://images.finncdn.no/dynamic/default/2021/2/vertical-0/06/2/207/162/752_575457365.jpg
292890227,Siemens EQ.9 Helautomatisk kaffemaskin,Vollen,1677432300000,6500,"59.80939,10.48426",https://www.finn.no/bap/forsale/ad.html?finnkode=292890227,https://images.finncdn.no/dynamic/default/2023/2/vertical-0/26/7/292/890/227_1055178938.jpg
292907497,Kaffemaskin / espresso-maskin - kupp,Oslo,1677437100000,750,"59.9321,10.65521",https://www.finn.no/bap/forsale/ad.html?finnkode=292907497,https://images.finncdn.no/dynamic/default/2023/2/vertical-0/26/7/292/907/497_898452322.jpg
292970148,espresso maskin,Stabekk,1677496260000,990,"59.9097,10.6029",https://www.finn.no/bap/forsale/ad.html?finnkode=292970148,https://images.finncdn.no/dynamic/default/2023/2/vertical-0/27/8/292/970/148_18591170.jpg
293172870,La Pavaloni Eurobar Deluxe,Oslo,1677624120000,3300,"59.9075,10.7739",https://www.finn.no/bap/forsale/ad.html?finnkode=293172870,https://images.finncdn.no/dynamic/default/2023/2/vertical-0/28/0/293/172/870_72544442.jpg
293208049,Alessi espresso maker,Oslo,1677668040000,900,"59.956,10.6589",https://www.finn.no/bap/forsale/ad.html?finnkode=293208049,https://images.finncdn.no/dynamic/default/2023/3/vertical-0/01/9/293/208/049_2051457822.jpg
293309403,Siemens EQ.6 Plus S100 kaffemaskin,Oslo,1677748080000,5000,"59.964,10.73051",https://www.finn.no/bap/forsale/ad.html?finnkode=293309403,https://images.finncdn.no/dynamic/default/2023/3/vertical-0/02/3/293/309/403_1579068788.jpg
293358703,Rocket espresso appartamento,Oslo,1677771840000,9000,"59.91194,10.77294",https://www.finn.no/bap/forsale/ad.html?finnkode=293358703,https://images.finncdn.no/dynamic/default/2023/3/vertical-0/02/3/293/358/703_1788433222.jpg
293377246,La Pavoni Eurobar Deluxe espresso og kaffe maskin,Oslo,1677781140000,2800,"59.9075,10.7739",https://www.finn.no/bap/forsale/ad.html?finnkode=293377246,https://images.finncdn.no/dynamic/default/2023/3/vertical-0/02/6/293/377/246_1137559096.jpg
293417510,"Premium versjonen, Philipps Espresso modell 4000",Oslo,1677831360000,2700,"59.93218,10.79792",https://www.finn.no/bap/forsale/ad.html?finnkode=293417510,https://images.finncdn.no/dynamic/default/2023/3/vertical-0/03/0/293/417/510_265699049.jpg
293498603,Siemens EQ 6pluss s500,Jar,1677871140000,4000,"59.93554,10.61999",https://www.finn.no/bap/forsale/ad.html?finnkode=293498603,https://images.finncdn.no/dynamic/default/2023/3/vertical-0/03/3/293/498/603_1982269140.jpg
293514754,Electrolux EEA250 Espressomaskiner,Oslo,1677887940000,500,"59.90749,10.76155",https://www.finn.no/bap/forsale/ad.html?finnkode=293514754,https://images.finncdn.no/dynamic/default/2023/3/vertical-0/03/4/293/514/754_271280126.png
293574849,Lite brukt Isomac Maverick Espressomaskin,Oslo,1677936780000,6500,"59.9075,10.7739",https://www.finn.no/bap/forsale/ad.html?finnkode=293574849,https://images.finncdn.no/dynamic/default/2023/3/vertical-0/04/9/293/574/849_626213082.jpg
293613000,Isomac dunkeboks for espresso,Oslo,1677950280000,800,"59.9169,10.71671",https://www.finn.no/bap/forsale/ad.html?finnkode=293613000,https://images.finncdn.no/dynamic/default/2023/3/vertical-0/04/0/293/613/000_497342706.jpg
293611521,Isomac espressomaskin,Oslo,1677949920000,1000,"59.90511,10.67832",https://www.finn.no/bap/forsale/ad.html?finnkode=293611521,https://images.finncdn.no/dynamic/default/2023/3/vertical-0/04/1/293/611/521_1874525727.jpg
293668524,Siemens CT636LES1/04 kaffetrakter Helautomatisk Espressomaskin,Nesbru,1678012320000,10500,"59.86876,10.49391",https://www.finn.no/bap/forsale/ad.html?finnkode=293668524,https://images.finncdn.no/dynamic/default/2023/3/vertical-0/05/4/293/668/524_2087386778.jpg
293680677,Delonghi espressomaskin cappuccino,Oslo,1678018440000,1950,"59.9154,10.74595",https://www.finn.no/bap/forsale/ad.html?finnkode=293680677,https://images.finncdn.no/dynamic/default/2023/3/vertical-0/05/7/293/680/677_2085160276.jpg
293720110,Gaggia Classic Pro versjon 3 og Wilfa WSCG2 kaffekvern,Oslo,1678025280000,3500,"59.89734,10.78647",https://www.finn.no/bap/forsale/ad.html?finnkode=293720110,https://images.finncdn.no/dynamic/default/2023/3/vertical-0/05/0/293/720/110_592378486.jpg
293790615,La Spaziale espresso coffee machine,Oslo,1678050480000,500,"59.94727,10.82321",https://www.finn.no/bap/forsale/ad.html?finnkode=293790615,https://images.finncdn.no/dynamic/default/2023/3/vertical-0/05/5/293/790/615_50684310.jpg
293807830,Kaffemaskin ECM sammen med kverna ECM S,Oslo,1678086660000,25000,"59.91797,10.76245",https://www.finn.no/bap/forsale/ad.html?finnkode=293807830,https://images.finncdn.no/dynamic/default/2023/3/vertical-0/06/0/293/807/830_954723834.jpg
293818642,Espressomaskin DeLonghi,Oslo,1678092360000,690,"59.9142,10.83574",https://www.finn.no/bap/forsale/ad.html?finnkode=293818642,https://images.finncdn.no/dynamic/default/2023/3/vertical-0/06/2/293/818/642_1340185334.jpg
286365707,Delongi dedica med ekstra utstyr,Oslo,1678092360000,1000,"59.93835,10.81651",https://www.finn.no/bap/forsale/ad.html?finnkode=286365707,https://images.finncdn.no/dynamic/default/2023/1/vertical-0/04/7/286/365/707_648106883.jpg
293942940,Delonghi Cappucino kaffemaskin,Oslo,1678178460000,2500,"59.91362,10.64484",https://www.finn.no/bap/forsale/ad.html?finnkode=293942940,https://images.finncdn.no/dynamic/default/2023/3/vertical-0/07/0/293/942/940_217219585.jpg
293952355,Siemens EQ300 Espresso Kaffemaskin,Langhus,1678182660000,2600,"59.7552,10.8462",https://www.finn.no/bap/forsale/ad.html?finnkode=293952355,https://images.finncdn.no/dynamic/default/2023/3/vertical-0/07/5/293/952/355_270073010.jpg
294070594,Sage Barista Express kaffemaskin BES875UK (stål),Oslo,1678268460000,5900,"59.9131,10.7702",https://www.finn.no/bap/forsale/ad.html?finnkode=294070594,https://images.finncdn.no/dynamic/default/2023/3/vertical-0/08/4/294/070/594_967717775.png
294132527,SanRemo espresso maskin,Oslo,1678296900000,7000,"59.9075,10.7739",https://www.finn.no/bap/forsale/ad.html?finnkode=294132527,https://images.finncdn.no/dynamic/default/2023/3/vertical-0/08/7/294/132/527_1718896005.jpg
294104666,DeLonghi Magnifica S helautomatisk kaffemaskin,Oslo,1678297620000,2200,"59.85917,10.79442",https://www.finn.no/bap/forsale/ad.html?finnkode=294104666,https://images.finncdn.no/dynamic/default/2023/3/vertical-0/08/6/294/104/666_958621147.jpg
294360709,Philips Saeco Intelia espresso og kaffemaskin,Jar,1678467180000,2000,"59.92772,10.61303",https://www.finn.no/bap/forsale/ad.html?finnkode=294360709,https://images.finncdn.no/dynamic/default/2023/3/vertical-0/10/9/294/360/709_1429137611.jpg
294461409,KAFFEMASKIN Espresso,Oslo,1678545240000,599,"59.9086,10.79011",https://www.finn.no/bap/forsale/ad.html?finnkode=294461409,https://images.finncdn.no/dynamic/default/2023/3/vertical-0/11/9/294/461/409_439835859.jpg
294529416,Kaffemaskin Siemens EQ8,Oslo,1678611300000,4900,"59.91024,10.81072",https://www.finn.no/bap/forsale/ad.html?finnkode=294529416,https://images.finncdn.no/dynamic/default/2023/3/vertical-0/12/6/294/529/416_1897280091.jpg
294534000,Kaffemaskin Delonghi cappuccino,Oslo,1678615320000,1850,"59.9154,10.74595",https://www.finn.no/bap/forsale/ad.html?finnkode=294534000,https://images.finncdn.no/dynamic/default/2023/3/vertical-0/12/0/294/534/000_1679656882.jpg
294648163,Jura A1 kaffemaskin,Asker,1678649220000,5000,"59.81401,10.45487",https://www.finn.no/bap/forsale/ad.html?finnkode=294648163,https://images.finncdn.no/dynamic/default/2023/3/vertical-0/12/3/294/648/163_993220856.jpg
294783935,Fantastisk kaffekvern Eureka Atom Specialty 65 Chrome - lite brukt,Oslo,1678741320000,9000,"59.90585,10.68811",https://www.finn.no/bap/forsale/ad.html?finnkode=294783935,https://images.finncdn.no/dynamic/default/2023/3/vertical-0/13/5/294/783/935_50047434.png
294787420,Wilfa Kaffekvern WSFB-100S - Testvinner - Uåpnet.,Oslo,1678744140000,2200,"59.85471,10.78983",https://www.finn.no/bap/forsale/ad.html?finnkode=294787420,https://images.finncdn.no/dynamic/default/2023/3/vertical-0/13/0/294/787/420_1829808695.jpg
294865333,Option-o Lagom P64 - kaffekvern,Oslo,1678809120000,13000,"59.91777,10.85649",https://www.finn.no/bap/forsale/ad.html?finnkode=294865333,https://images.finncdn.no/dynamic/default/2023/3/vertical-0/14/3/294/865/333_1456258498.jpg
294892409,Kaffemaskin,Oslo,1678822080000,1300,"59.90207,10.76776",https://www.finn.no/bap/forsale/ad.html?finnkode=294892409,https://images.finncdn.no/dynamic/default/2023/3/vertical-0/14/9/294/892/409_1309332722.jpg
295042863,DeLonghi Magnifica S espresso / kaffe maskin,Oslo,1678954200000,1600,"59.92523,10.63626",https://www.finn.no/bap/forsale/ad.html?finnkode=295042863,https://images.finncdn.no/dynamic/default/2023/3/vertical-0/16/3/295/042/863_1822304482.jpg
295086539,Delonghi dedica (metall),Drammen,1678975440000,550,"59.72767,10.24007",https://www.finn.no/bap/forsale/ad.html?finnkode=295086539,https://images.finncdn.no/dynamic/default/2023/3/vertical-0/16/9/295/086/539_1643319281.jpg
295106390,Siemens EQ.6 s300 selges,Oslo,1678985400000,5000,"59.9594,10.78701",https://www.finn.no/bap/forsale/ad.html?finnkode=295106390,https://images.finncdn.no/dynamic/default/2023/3/vertical-0/16/0/295/106/390_728690450.jpg
295214914,Mahlkönig EK43 originale kniver,Oslo,1679071620000,3900,"59.9539,10.7706",https://www.finn.no/bap/forsale/ad.html?finnkode=295214914,https://images.finncdn.no/dynamic/default/2023/3/vertical-0/17/4/295/214/914_970139796.jpg
295287256,Delonghi Kaffemaskin,Nesoddtangen,1679138160000,900,"59.8501,10.656",https://www.finn.no/bap/forsale/ad.html?finnkode=295287256,https://images.finncdn.no/dynamic/default/2023/3/vertical-0/18/6/295/287/256_921991795.jpg
295047317,Isomac Giada espressomaskin,Oslo,1679143800000,1700,"59.91846,10.71092",https://www.finn.no/bap/forsale/ad.html?finnkode=295047317,https://images.finncdn.no/dynamic/default/2023/3/vertical-0/18/7/295/047/317_482245072.jpg
295286377,Vakker La Pavoni Professional maskin,Oslo,1679167920000,4600,"59.91635,10.79032",https://www.finn.no/bap/forsale/ad.html?finnkode=295286377,https://images.finncdn.no/dynamic/default/2023/3/vertical-0/18/7/295/286/377_1240274166.jpg
295396589,"Nespesso Dolce Guesto kaffemaskin m/stativ, selges billig!",Oslo,1679218740000,349,"59.92683,10.79804",https://www.finn.no/bap/forsale/ad.html?finnkode=295396589,https://images.finncdn.no/dynamic/default/2023/3/vertical-0/19/9/295/396/589_1386089695.jpg
295414931,DeLonghi Magnifica ECAM22.115.B kaffemaskin,Oslo,1679224560000,3500,"59.87683,10.78301",https://www.finn.no/bap/forsale/ad.html?finnkode=295414931,https://images.finncdn.no/dynamic/default/2023/3/vertical-0/19/1/295/414/931_2107838928.jpg
295479595,Flair Signature Pro manuell espressomaskin,Oslo,1679242620000,2500,"59.9204,10.76501",https://www.finn.no/bap/forsale/ad.html?finnkode=295479595,https://images.finncdn.no/dynamic/default/2023/3/vertical-0/19/5/295/479/595_8625532.jpg
295490960,Baratza Sette 30,Oslo,1679245260000,1500,"59.89848,10.8235",https://www.finn.no/bap/forsale/ad.html?finnkode=295490960,https://images.finncdn.no/dynamic/default/2023/3/vertical-0/19/0/295/490/960_2029089440.jpg
295687168,kaffemaskin,Oslo,1679388780000,400,"59.9204,10.76501",https://www.finn.no/bap/forsale/ad.html?finnkode=295687168,https://images.finncdn.no/dynamic/default/2023/3/vertical-0/21/8/295/687/168_945696630.jpg
295745332,Kaffemaskin Philips EP5360/10,Drammen,1679414580000,1600,"59.75243,10.17503",https://www.finn.no/bap/forsale/ad.html?finnkode=295745332,https://images.finncdn.no/dynamic/default/2023/3/vertical-0/21/2/295/745/332_1054738388.jpg
295760420,GRUNDIG KVA 4830 HELAUTOMATISK ESPRESSO KAFFEMASKIN,Oslo,1679426040000,2300,"59.9423,10.77081",https://www.finn.no/bap/forsale/ad.html?finnkode=295760420,https://images.finncdn.no/dynamic/default/2023/3/vertical-0/21/0/295/760/420_2000975611.jpg
294776882,Delonghi Autentica -  Delvis ødelagt,Oslo,1678737600000,1,"59.9204,10.739",https://www.finn.no/bap/forsale/ad.html?finnkode=294776882,https://images.finncdn.no/dynamic/default/2023/3/vertical-0/13/2/294/776/882_1783086146.jpg
295783379,rancilio base dunkeboks,Oslo,1679430960000,700,"59.9005,10.7971",https://www.finn.no/bap/forsale/ad.html?finnkode=295783379,https://images.finncdn.no/dynamic/default/2023/3/vertical-0/21/9/295/783/379_488832243.jpg
295793097,Rancilio silvia uten portafilter (filterholder),Sofiemyr,1679438100000,3000,"59.78929,10.81609",https://www.finn.no/bap/forsale/ad.html?finnkode=295793097,https://images.finncdn.no/dynamic/default/2023/3/vertical-0/21/7/295/793/097_1766198675.jpg
169136269,Siemens kaffemaskin EQ 500 integral,Bærums Verk,1679482800000,2200,"59.94195,10.49925",https://www.finn.no/bap/forsale/ad.html?finnkode=169136269,https://images.finncdn.no/dynamic/default/2023/3/vertical-0/22/9/169/136/269_308141162.jpg
295838325,Gaggia MDF kaffekvern,Oslo,1679485980000,1500,"59.9427,10.7599",https://www.finn.no/bap/forsale/ad.html?finnkode=295838325,https://images.finncdn.no/dynamic/default/2023/3/vertical-0/22/5/295/838/325_234358553.jpg
295839077,Mahlkönig Vario kaffekvern,Oslo,1679486760000,2800,"59.9427,10.7599",https://www.finn.no/bap/forsale/ad.html?finnkode=295839077,https://images.finncdn.no/dynamic/default/2023/3/vertical-0/22/7/295/839/077_1183381651.jpg
295965496,ESPRESSO  KAFFEMASKIN  KR 300,Ski,1679573520000,300,"59.71409,10.83461",https://www.finn.no/bap/forsale/ad.html?finnkode=295965496,https://images.finncdn.no/dynamic/default/2023/3/vertical-0/23/6/295/965/496_1786494252.jpg
295996680,Kaffemaskin Siemens EQ8,Oslo,1679587440000,3750,"59.91024,10.81072",https://www.finn.no/bap/forsale/ad.html?finnkode=295996680,https://images.finncdn.no/dynamic/default/2023/3/vertical-0/23/0/295/996/680_2031138132.jpg
296129769,Samsung kaffemaskin OQ 500,Oppegård,1679679360000,2500,"59.76708,10.81164",https://www.finn.no/bap/forsale/ad.html?finnkode=296129769,https://images.finncdn.no/dynamic/default/2023/3/vertical-0/24/9/296/129/769_2040709490.jpg
296171168,DeLonghi Magnifica kaffemaskin ECAM22360B,Oslo,1679730420000,3400,"59.92764,10.71543",https://www.finn.no/bap/forsale/ad.html?finnkode=296171168,https://images.finncdn.no/dynamic/default/2023/3/vertical-0/25/8/296/171/168_1082729193.jpg
296334263,ECM melkemugge,Oslo,1679827320000,150,"59.9427,10.7599",https://www.finn.no/bap/forsale/ad.html?finnkode=296334263,https://images.finncdn.no/dynamic/default/2023/3/vertical-0/26/3/296/334/263_1309913483.jpg
296327633,Rancilio Silvia Bunnløs filterarm,Oslo,1679825460000,450,"59.9427,10.7599",https://www.finn.no/bap/forsale/ad.html?finnkode=296327633,https://images.finncdn.no/dynamic/default/2023/3/vertical-0/26/3/296/327/633_1824094122.jpg
296322994,Gaggia Classic espressomaskin bra stand mye oppgraderinger,Oslo,1679824260000,2900,"59.9427,10.7599",https://www.finn.no/bap/forsale/ad.html?finnkode=296322994,https://images.finncdn.no/dynamic/default/2023/3/vertical-0/26/4/296/322/994_621419725.jpg
296356569,kaffemaskin,Stabekk,1679833500000,690,"59.9097,10.6029",https://www.finn.no/bap/forsale/ad.html?finnkode=296356569,https://images.finncdn.no/dynamic/default/2023/3/vertical-0/26/9/296/356/569_1409859501.jpg
296449059,flair signature espresso maker,Oslo,1679862480000,2250,"59.91095,10.76417",https://www.finn.no/bap/forsale/ad.html?finnkode=296449059,https://images.finncdn.no/dynamic/default/2023/3/vertical-0/26/9/296/449/059_227335841.jpg
296568397,Delonghi icona vintage espressomaskin,Billingstad,1679942400000,400,"59.86827,10.48303",https://www.finn.no/bap/forsale/ad.html?finnkode=296568397,https://images.finncdn.no/dynamic/default/2023/3/vertical-0/27/7/296/568/397_50096954.jpg
296840485,Sage The Smart Grinder Kaffekvern - lite brukt,Oslo,1680131460000,2700,"59.92109,10.8144",https://www.finn.no/bap/forsale/ad.html?finnkode=296840485,https://images.finncdn.no/dynamic/default/2023/3/vertical-0/29/5/296/840/485_1258655346.jpg
296939303,Wilfa  WSCG kaffekvern,Haslum,1680201900000,550,"59.90648,10.55498",https://www.finn.no/bap/forsale/ad.html?finnkode=296939303,https://images.finncdn.no/dynamic/default/2023/3/vertical-0/30/3/296/939/303_810562626.jpg
296941977,PUQPRESS espresso tamper,Asker,1680203280000,6000,"59.8453,10.43939",https://www.finn.no/bap/forsale/ad.html?finnkode=296941977,https://images.finncdn.no/dynamic/default/2023/3/vertical-0/30/7/296/941/977_624578441.jpg
297036775,Delonghi kaffemaskin,Kolbotn,1680280260000,1900,"59.81116,10.79439",https://www.finn.no/bap/forsale/ad.html?finnkode=297036775,https://images.finncdn.no/dynamic/default/2023/3/vertical-0/31/5/297/036/775_1314480323.jpg
297043949,8 år gammel DeLonghi Icona Vintage gis bort,Oppegård,1680284460000,0,"59.76708,10.81164",https://www.finn.no/bap/forsale/ad.html?finnkode=297043949,https://images.finncdn.no/dynamic/default/2023/3/vertical-0/31/9/297/043/949_556851841.jpg
297080914,Philips kaffemaskin,Oslo,1680335820000,6000,"59.93842,10.75534",https://www.finn.no/bap/forsale/ad.html?finnkode=297080914,https://images.finncdn.no/dynamic/default/2023/4/vertical-0/01/4/297/080/914_1057981547.jpg
190556907,Espressomaskin Ascaso Uno Prof,Oslo,1680346980000,1000,"59.85288,10.80367",https://www.finn.no/bap/forsale/ad.html?finnkode=190556907,https://images.finncdn.no/dynamic/default/2021/11/vertical-0/18/7/190/556/907_1239985206.jpg
297141787,ESPRESSO  KAFFEMASKINER  KR 200 PR STK,Ski,1680363300000,200,"59.71409,10.83461",https://www.finn.no/bap/forsale/ad.html?finnkode=297141787,https://images.finncdn.no/dynamic/default/2023/4/vertical-0/01/7/297/141/787_1458057502.jpg
297144767,Espresso Aeroccino melkeskummer,Oslo,1680363840000,500,"59.93105,10.81506",https://www.finn.no/bap/forsale/ad.html?finnkode=297144767,https://images.finncdn.no/dynamic/default/2023/4/vertical-0/01/7/297/144/767_673075890.jpg
297203565,"DeLonghi Magnifica S kaffemaskin, ett år gammel, selges for kun kr 2150,-",Oslo,1680428160000,2150,"59.90165,10.67827",https://www.finn.no/bap/forsale/ad.html?finnkode=297203565,https://images.finncdn.no/dynamic/default/2023/4/vertical-0/02/5/297/203/565_94531736.jpg
297277147,Minuto espresso machine,Oslo,1680454080000,1100,"59.9275,10.7679",https://www.finn.no/bap/forsale/ad.html?finnkode=297277147,https://images.finncdn.no/dynamic/default/2023/4/vertical-0/02/7/297/277/147_1783573173.jpg
297358818,Espresso kanne,Oslo,1680520860000,0,"59.91181,10.77548",https://www.finn.no/bap/forsale/ad.html?finnkode=297358818,https://images.finncdn.no/dynamic/default/2023/4/vertical-0/03/8/297/358/818_1453027022.jpg
297422763,Delonghi espressomaskin,Oslo,1680548820000,800,"59.9539,10.7706",https://www.finn.no/bap/forsale/ad.html?finnkode=297422763,https://images.finncdn.no/dynamic/default/2023/4/vertical-0/03/3/297/422/763_310351114.jpg
297506706,Sage oracle espressomaskin,Drammen,1680619320000,13000,"59.74315,10.21556",https://www.finn.no/bap/forsale/ad.html?finnkode=297506706,https://images.finncdn.no/dynamic/default/2023/4/vertical-0/04/6/297/506/706_956696376.jpg
297552264,Espresso & Cappuccino Coffee machine,Oslo,1680676380000,550,"59.9562,10.66901",https://www.finn.no/bap/forsale/ad.html?finnkode=297552264,https://images.finncdn.no/dynamic/default/2023/4/vertical-0/04/4/297/552/264_139136735.png
296560264,KitchenAid Artisan kaffemaskin,Langhus,1680700260000,5000,"59.76554,10.86333",https://www.finn.no/bap/forsale/ad.html?finnkode=296560264,https://images.finncdn.no/dynamic/default/2023/4/vertical-0/05/4/296/560/264_545805888.jpg
272526842,Weber HG-1 håndkvern 83mm Mazzer,Oslo,1681061580000,7500,"59.9157,10.75869",https://www.finn.no/bap/forsale/ad.html?finnkode=272526842,https://images.finncdn.no/dynamic/default/2022/9/vertical-0/10/2/272/526/842_184103826.jpg
298113190,60 mm filter til espressomaskin,Oslo,1681111560000,70,"59.93241,10.76007",https://www.finn.no/bap/forsale/ad.html?finnkode=298113190,https://images.finncdn.no/dynamic/default/2023/4/vertical-0/10/0/298/113/190_341929324.jpg
298110781,Rancilio Rocky espressokvern / kaffekvern selges,Oslo,1681110480000,2500,"59.95367,10.68969",https://www.finn.no/bap/forsale/ad.html?finnkode=298110781,https://images.finncdn.no/dynamic/default/2023/4/vertical-0/10/1/298/110/781_760373352.jpg
298179144,Kaffemaskin,Bekkestua,1681128240000,300,"59.92194,10.5781",https://www.finn.no/bap/forsale/ad.html?finnkode=298179144,https://images.finncdn.no/dynamic/default/2023/4/vertical-0/10/4/298/179/144_949329098.jpg
298212581,Krups kaffemaskin,Stabekk,1681135080000,250,"59.9097,10.6029",https://www.finn.no/bap/forsale/ad.html?finnkode=298212581,https://images.finncdn.no/dynamic/default/2023/4/vertical-0/10/1/298/212/581_1681659381.jpg
297048538,Knock box espresso,Nesbru,1681222080000,300,"59.85901,10.49373",https://www.finn.no/bap/forsale/ad.html?finnkode=297048538,https://images.finncdn.no/dynamic/default/2023/4/vertical-0/11/8/297/048/538_456106609.jpg
298491492,Kaffemaskin med vannuttak (Egnet for bedrifter),Oslo,1681289040000,10000,"59.9081,10.7218",https://www.finn.no/bap/forsale/ad.html?finnkode=298491492,https://images.finncdn.no/dynamic/default/2023/4/vertical-0/12/2/298/491/492_871633099.jpg
298524167,kaffemaskin,Oslo,1681301100000,350,"59.932,10.66841",https://www.finn.no/bap/forsale/ad.html?finnkode=298524167,https://images.finncdn.no/dynamic/default/2023/4/vertical-0/12/7/298/524/167_1344526281.jpg
276975552,SSP High Uniformity 98mm knivsett,Oslo,1681399740000,4500,"59.9539,10.7706",https://www.finn.no/bap/forsale/ad.html?finnkode=276975552,https://images.finncdn.no/dynamic/default/2022/10/vertical-0/14/2/276/975/552_1034621097.jpg
298699648,Sage barista express kaffemaskin,Oslo,1681404720000,4800,"59.9075,10.7739",https://www.finn.no/bap/forsale/ad.html?finnkode=298699648,https://images.finncdn.no/dynamic/default/2023/4/vertical-0/13/8/298/699/648_1610446732.jpg
298735810,Isomac Milano espresso maskin,Oslo,1681420380000,1800,"59.9075,10.7739",https://www.finn.no/bap/forsale/ad.html?finnkode=298735810,https://images.finncdn.no/dynamic/default/2023/4/vertical-0/13/0/298/735/810_1732878043.jpg
233336741,kaffemas,Oslo,1681466520000,600,"59.9259,10.76864",https://www.finn.no/bap/forsale/ad.html?finnkode=233336741,https://images.finncdn.no/dynamic/default/2021/9/vertical-0/27/1/233/336/741_1739366550.jpg
298804564,Philips LatteGo kaffemaskin,Oslo,1681478880000,3000,"59.9531,10.67859",https://www.finn.no/bap/forsale/ad.html?finnkode=298804564,https://images.finncdn.no/dynamic/default/2023/4/vertical-0/14/4/298/804/564_1215806716.jpg
298969003,Sage knock box for espresso-maskin,Oslo,1681572540000,350,"59.92288,10.75828",https://www.finn.no/bap/forsale/ad.html?finnkode=298969003,https://images.finncdn.no/dynamic/default/2023/4/vertical-0/15/3/298/969/003_1381685643.jpg
197055378,"Lite brukt ELEKTRA NIVOLA ESPRESSOMASKIN - Førpris: 15000,-",Nesøya,1681582440000,4990,"59.87293,10.52397",https://www.finn.no/bap/forsale/ad.html?finnkode=197055378,https://images.finncdn.no/dynamic/default/2020/11/vertical-0/02/8/197/055/378_1159690746.jpg
299036709,Kaffemaskin fra DeLonghi,Oslo,1681633260000,3000,"59.87683,10.78301",https://www.finn.no/bap/forsale/ad.html?finnkode=299036709,https://images.finncdn.no/dynamic/default/2023/4/vertical-0/16/9/299/036/709_461610723.jpg
299061192,Krups kaffemaskin,Oslo,1681640580000,500,"59.94873,10.90761",https://www.finn.no/bap/forsale/ad.html?finnkode=299061192,https://images.finncdn.no/dynamic/default/2023/4/vertical-0/16/2/299/061/192_390777998.jpg
299206826,Flott Ascasco UNO-3 espressomaskin / espressomachine,Oslo,1681684260000,3500,"59.8871,10.85509",https://www.finn.no/bap/forsale/ad.html?finnkode=299206826,https://images.finncdn.no/dynamic/default/2023/4/vertical-0/16/6/299/206/826_2132198376.jpg
299264148,Helt ny uåpnet kaffemaskin DeLonghi,Oslo,1681733640000,4000,"59.87,10.81011",https://www.finn.no/bap/forsale/ad.html?finnkode=299264148,https://images.finncdn.no/dynamic/default/2023/4/vertical-0/17/8/299/264/148_109182301.jpg
299266908,DIV TILBEHØR/VANNBEHOLDERE  TIL ULIKE ESPRESSO  KAFFEMASKINER  FRA KR 50,Ski,1681736880000,50,"59.71409,10.83461",https://www.finn.no/bap/forsale/ad.html?finnkode=299266908,https://images.finncdn.no/dynamic/default/2023/4/vertical-0/17/8/299/266/908_311705847.jpg
299305533,La Pavoni Professional espressomaskin i perfekt tilstand,Oslo,1681751760000,4800,"59.91635,10.79032",https://www.finn.no/bap/forsale/ad.html?finnkode=299305533,https://images.finncdn.no/dynamic/default/2023/4/vertical-0/17/3/299/305/533_1868556390.jpg
299322024,PAVONI  med tilbehør,Oslo,1681758300000,5000,"59.92115,10.71661",https://www.finn.no/bap/forsale/ad.html?finnkode=299322024,https://images.finncdn.no/dynamic/default/2023/4/vertical-0/17/4/299/322/024_1110283506.jpg
299833620,delonghi espresso machine,Oslo,1682102280000,450,"59.92604,10.86651",https://www.finn.no/bap/forsale/ad.html?finnkode=299833620,https://images.finncdn.no/dynamic/default/2023/4/vertical-0/21/0/299/833/620_695522023.jpg
300024374,Tassimo kaffemaskin + to kapselstativer,Oslo,1682245620000,0,"59.91206,10.76586",https://www.finn.no/bap/forsale/ad.html?finnkode=300024374,https://images.finncdn.no/dynamic/default/2023/4/vertical-0/23/4/300/024/374_1322226685.jpg
300168267,Isomac Venus espressomaskin + Rancilio Rocky kvern,Oslo,1682282580000,6500,"59.94085,10.63804",https://www.finn.no/bap/forsale/ad.html?finnkode=300168267,https://images.finncdn.no/dynamic/default/2023/4/vertical-0/23/7/300/168/267_1909750224.jpg
300134974,Jura X9 Kaffemaskin,Jar,1682285880000,7250,"59.93001,10.61386",https://www.finn.no/bap/forsale/ad.html?finnkode=300134974,https://images.finncdn.no/dynamic/default/2023/4/vertical-0/23/4/300/134/974_1925013345.jpg
300183999,Wilfa kaffekvern,Kolsås,1682316420000,300,"59.91702,10.49954",https://www.finn.no/bap/forsale/ad.html?finnkode=300183999,https://images.finncdn.no/dynamic/default/2023/4/vertical-0/24/9/300/183/999_1175352922.jpg
300189042,Hyttebrukt helautomatisk kaffemaskin Philips  2200-series EP2224/10,Drammen,1682354580000,2500,"59.75974,10.15607",https://www.finn.no/bap/forsale/ad.html?finnkode=300189042,https://images.finncdn.no/dynamic/default/2023/4/vertical-0/24/2/300/189/042_413470286.jpg
278859574,DeLonghi,Oslo,1682516400000,1000,"59.84142,10.83014",https://www.finn.no/bap/forsale/ad.html?finnkode=278859574,https://images.finncdn.no/dynamic/default/2022/10/vertical-0/28/4/278/859/574_279302347.jpg
300657819,espresso maskin Baby Gaggia,Vøyenenga,1682530860000,0,"59.90871,10.47473",https://www.finn.no/bap/forsale/ad.html?finnkode=300657819,https://images.finncdn.no/dynamic/default/2023/4/vertical-0/26/9/300/657/819_2074506735.jpg
300747333,La Piccola Grande Italy Manuell espresso maskin,Røyken,1682598420000,1000,"59.73545,10.3756",https://www.finn.no/bap/forsale/ad.html?finnkode=300747333,https://images.finncdn.no/dynamic/default/2023/4/vertical-0/27/3/300/747/333_1525270182.jpg
300775979,DeLonghi ECAM23.460.SB Kaffemaskin,Oslo,1682610780000,0,"59.82915,10.80412",https://www.finn.no/bap/forsale/ad.html?finnkode=300775979,https://images.finncdn.no/dynamic/default/2023/4/vertical-0/27/9/300/775/979_2095330726.jpg
300776212,Vertuo Next,Oslo,1682610720000,600,"59.92222,10.7359",https://www.finn.no/bap/forsale/ad.html?finnkode=300776212,https://images.finncdn.no/dynamic/default/2023/4/vertical-0/27/2/300/776/212_268389502.jpg
300921945,Electrolux eea111 espresso,Oslo,1682704380000,0,"59.9278,10.71329",https://www.finn.no/bap/forsale/ad.html?finnkode=300921945,https://images.finncdn.no/dynamic/default/2023/4/vertical-0/28/5/300/921/945_1396195583.jpg
301063957,espresso maskin,Slependen,1682793480000,800,"59.88583,10.50264",https://www.finn.no/bap/forsale/ad.html?finnkode=301063957,https://images.finncdn.no/dynamic/default/2023/4/vertical-0/29/7/301/063/957_1746886623.jpg
300824380,Rancilio Silivia 2015 + Wilfa Kaffekvern WSCG-2,Oslo,1682634000000,3999,"59.91854,10.70457",https://www.finn.no/bap/forsale/ad.html?finnkode=300824380,https://images.finncdn.no/dynamic/default/2023/4/vertical-0/29/0/300/824/380_201077379.jpg
298979009,Vintage Gaggia coffee de luxe,Oslo,1681576980000,1000,"59.9301,10.78321",https://www.finn.no/bap/forsale/ad.html?finnkode=298979009,https://images.finncdn.no/dynamic/default/2023/4/vertical-0/15/9/298/979/009_304900098.jpg
301153417,Vintage Zassenhaus vegghengt kaffekvern,Oslo,1682856960000,650,"59.9165,10.80458",https://www.finn.no/bap/forsale/ad.html?finnkode=301153417,https://images.finncdn.no/dynamic/default/2023/4/vertical-0/30/7/301/153/417_1519349670.jpg
301270207,DeLonghi Magnifica Evo kaffe/espressomaskin,Oslo,1682926980000,1700,"59.87109,10.79838",https://www.finn.no/bap/forsale/ad.html?finnkode=301270207,https://images.finncdn.no/dynamic/default/2023/5/vertical-0/01/7/301/270/207_86452084.jpg
301284141,Alessi Cobàn RS04 espresso-maskin i deler gis bort,Oslo,1682931360000,0,"59.92076,10.67079",https://www.finn.no/bap/forsale/ad.html?finnkode=301284141,https://images.finncdn.no/dynamic/default/2023/5/vertical-0/01/1/301/284/141_56089246.jpg
301228939,Sage Barista Express,Oslo,1682942460000,2000,"59.94929,10.77297",https://www.finn.no/bap/forsale/ad.html?finnkode=301228939,https://images.finncdn.no/dynamic/default/2023/5/vertical-0/01/9/301/228/939_590806313.jpg
301349383,Krups espresso brygger,Oslo,1682945580000,250,"59.95792,10.76007",https://www.finn.no/bap/forsale/ad.html?finnkode=301349383,https://images.finncdn.no/dynamic/default/2023/5/vertical-0/01/3/301/349/383_1028198092.jpg
301404029,Kvern Mazzer Super Jolly,Langhus,1682957340000,1200,"59.7552,10.8462",https://www.finn.no/bap/forsale/ad.html?finnkode=301404029,https://images.finncdn.no/dynamic/default/2023/5/vertical-0/01/9/301/404/029_611238028.jpg
301450067,Espresso Maskin Vintage,Oslo,1682969880000,1500,"59.9072,10.785",https://www.finn.no/bap/forsale/ad.html?finnkode=301450067,https://images.finncdn.no/dynamic/default/2023/5/vertical-0/01/7/301/450/067_1443766309.jpg
300138704,Delonghi kaffe/maskin,Oslo,1682969640000,2200,"59.85411,10.80916",https://www.finn.no/bap/forsale/ad.html?finnkode=300138704,https://images.finncdn.no/dynamic/default/2023/5/vertical-0/01/4/300/138/704_1040025006.jpg
301556981,Kaffekvern espresso kvern,Oslo,1683042240000,800,"59.849,10.7877",https://www.finn.no/bap/forsale/ad.html?finnkode=301556981,https://images.finncdn.no/dynamic/default/2023/5/vertical-0/02/1/301/556/981_882560747.jpg
301578415,Philips kaffemaskin Lattego,Oslo,1683050580000,2000,"59.9539,10.7706",https://www.finn.no/bap/forsale/ad.html?finnkode=301578415,https://images.finncdn.no/dynamic/default/2023/5/vertical-0/02/5/301/578/415_987813057.jpg
301555429,Sage oracle espressomaskin,Drammen,1683041760000,12000,"59.74315,10.21556",https://www.finn.no/bap/forsale/ad.html?finnkode=301555429,https://images.finncdn.no/dynamic/default/2023/5/vertical-0/02/9/301/555/429_990413911.jpg
301783761,Rancilio Silvia V5/E  bra stand,Oslo,1683193500000,4900,"59.9427,10.7599",https://www.finn.no/bap/forsale/ad.html?finnkode=301783761,https://images.finncdn.no/dynamic/default/2023/5/vertical-0/04/1/301/783/761_1186689367.jpg
301843533,Siemens EQ.8 series 600 kaffemaskin selges,Oslo,1683219360000,2500,"59.9117,10.7163",https://www.finn.no/bap/forsale/ad.html?finnkode=301843533,https://images.finncdn.no/dynamic/default/2023/5/vertical-0/04/3/301/843/533_913008813.jpg
302037084,DeLonghi Dedica kaffemaskin. (espressomaskin cappuccinomaskin),Oslo,1683364860000,1000,"59.8801,10.84509",https://www.finn.no/bap/forsale/ad.html?finnkode=302037084,https://images.finncdn.no/dynamic/default/2023/5/vertical-0/06/4/302/037/084_1435066069.jpg
302079476,Mini me espresso maskin inkludert kapsler og syrup,Oslo,1683381360000,350,"59.91279,10.70852",https://www.finn.no/bap/forsale/ad.html?finnkode=302079476,https://images.finncdn.no/dynamic/default/2023/5/vertical-0/06/6/302/079/476_461417562.jpg
302558484,kaffemaskin,Oslo,1683655860000,2200,"59.87683,10.78301",https://www.finn.no/bap/forsale/ad.html?finnkode=302558484,https://images.finncdn.no/dynamic/default/2023/5/vertical-0/09/4/302/558/484_687400721.jpg
302591504,Espresso kaffemaskin Malongo,Oslo,1683695640000,350,"59.83605,10.78976",https://www.finn.no/bap/forsale/ad.html?finnkode=302591504,https://images.finncdn.no/dynamic/default/2023/5/vertical-0/10/4/302/591/504_551628600.jpg
302704595,ECM Synchronika Antrasitt Dual Boiler,Oslo,1683750540000,27000,"59.93305,10.67624",https://www.finn.no/bap/forsale/ad.html?finnkode=302704595,https://images.finncdn.no/dynamic/default/2023/5/vertical-0/10/5/302/704/595_540907219.jpg
302681654,Normcore distrubutur 58mm,Oslo,1683738600000,750,"59.93305,10.67624",https://www.finn.no/bap/forsale/ad.html?finnkode=302681654,https://images.finncdn.no/dynamic/default/2023/5/vertical-0/10/4/302/681/654_217367085.jpg
302749159,Schaerer kaffemaskin med vanntilkobling - sveitsisk kvalitet,Oslo,1683796200000,5000,"59.9165,10.74899",https://www.finn.no/bap/forsale/ad.html?finnkode=302749159,https://images.finncdn.no/dynamic/default/2023/5/vertical-0/11/9/302/749/159_1191392551.jpg
302794585,DeLonghl kaffemaskin,Oslo,1683906660000,4000,"59.92747,10.68677",https://www.finn.no/bap/forsale/ad.html?finnkode=302794585,https://images.finncdn.no/dynamic/default/2023/5/vertical-0/11/5/302/794/585_1380316119.jpg
303143075,DeLonghi Dedica Espressomaskin og Kaffekvern selges,Oslo,1684066140000,1250,"59.9547,10.6646",https://www.finn.no/bap/forsale/ad.html?finnkode=303143075,https://images.finncdn.no/dynamic/default/2023/5/vertical-0/14/5/303/143/075_762756398.jpg
303582791,Krups espressomaskin,Høvik,1684412700000,100,"59.8991,10.57008",https://www.finn.no/bap/forsale/ad.html?finnkode=303582791,https://images.finncdn.no/dynamic/default/2023/5/vertical-0/18/1/303/582/791_1119926564.jpg
303594160,"Jura Micro 1, Espresso maskin",Drøbak,1684417200000,500,"59.66737,10.63093",https://www.finn.no/bap/forsale/ad.html?finnkode=303594160,https://images.finncdn.no/dynamic/default/2023/5/vertical-0/18/0/303/594/160_1986996057.jpg
303685166,Electrolux EBC54513AX kaffemaskin for espresso og cappuccino,Oslo,1684484160000,6000,"59.9671,10.64548",https://www.finn.no/bap/forsale/ad.html?finnkode=303685166,https://images.finncdn.no/dynamic/default/2023/5/vertical-0/19/6/303/685/166_1660169091.jpg
303823317,Espresso kaffemaskin gis bort,Nesøya,1684576500000,0,"59.87064,10.53045",https://www.finn.no/bap/forsale/ad.html?finnkode=303823317,https://images.finncdn.no/dynamic/default/2023/5/vertical-0/20/7/303/823/317_1537772764.jpg
303893637,Espresso kaffemaskin (hele bønner). Saeco Minuto Classico HD8761. (Philips,Bjørnemyr,1684614120000,250,"59.83432,10.64182",https://www.finn.no/bap/forsale/ad.html?finnkode=303893637,https://images.finncdn.no/dynamic/default/2023/5/vertical-0/20/7/303/893/637_653532683.jpg
304029776,KOMPLETT ESPRESSO KAFFEMASKIN  KR 300,Ski,1684693200000,300,"59.71409,10.83461",https://www.finn.no/bap/forsale/ad.html?finnkode=304029776,https://images.finncdn.no/dynamic/default/2023/5/vertical-0/21/6/304/029/776_1992809191.jpg
303155561,Sage barista express kaffemaskin,Oslo,1684070100000,6000,"59.91969,10.75711",https://www.finn.no/bap/forsale/ad.html?finnkode=303155561,https://images.finncdn.no/dynamic/default/2023/5/vertical-0/14/1/303/155/561_1175251954.jpg
304138869,Delonghi espresso maskin og electric coffee grinder,Oslo,1684769400000,500,"59.9488,10.65289",https://www.finn.no/bap/forsale/ad.html?finnkode=304138869,https://images.finncdn.no/dynamic/default/2023/5/vertical-0/22/9/304/138/869_1618731735.jpg
304471507,Delonghi espresso maskin,Oslo,1684922760000,0,"59.9488,10.65289",https://www.finn.no/bap/forsale/ad.html?finnkode=304471507,https://images.finncdn.no/dynamic/default/2023/5/vertical-0/24/7/304/471/507_945020624.jpg
304463613,KitchenAid Artisan Kaffemaskin,Oslo,1684918980000,4000,"59.93918,10.72517",https://www.finn.no/bap/forsale/ad.html?finnkode=304463613,https://images.finncdn.no/dynamic/default/2023/5/vertical-0/24/3/304/463/613_24993292.jpg
304565258,Espresso kaffekoker,Oslo,1684965900000,100,"59.95121,10.87802",https://www.finn.no/bap/forsale/ad.html?finnkode=304565258,https://images.finncdn.no/dynamic/default/2023/5/vertical-0/24/8/304/565/258_969565851.jpg
303954206,Philips kaffemaskin / espressomaskin 3000 Series HD8827,Oslo,1685032080000,1800,"59.94534,10.80745",https://www.finn.no/bap/forsale/ad.html?finnkode=303954206,https://images.finncdn.no/dynamic/default/2023/5/vertical-0/25/6/303/954/206_2081695621.jpg
304718677,Espresso maskin selges ikitchen,Oslo,1685091720000,400,"59.82802,10.78585",https://www.finn.no/bap/forsale/ad.html?finnkode=304718677,https://images.finncdn.no/dynamic/default/2023/5/vertical-0/26/7/304/718/677_668906726.jpg
304880445,Gastroback Design Espresso / Barista maskin,Oslo,1685197560000,3600,"59.93138,10.7588",https://www.finn.no/bap/forsale/ad.html?finnkode=304880445,https://images.finncdn.no/dynamic/default/2023/5/vertical-0/27/5/304/880/445_165187510.jpg
304845065,espresso,Oslo,1685211840000,1850,"59.8832,10.80571",https://www.finn.no/bap/forsale/ad.html?finnkode=304845065,https://images.finncdn.no/dynamic/default/2023/5/vertical-0/27/5/304/845/065_1744395307.jpg
305070278,Rancilio Rocky espresso-kvern,Nesodden,1685300400000,0,"59.79428,10.60601",https://www.finn.no/bap/forsale/ad.html?finnkode=305070278,https://images.finncdn.no/dynamic/default/2023/5/vertical-0/28/8/305/070/278_1123549883.jpg
305244871,Philips LatteGo EP223140 kaffemaskin,Ski,1685384100000,1500,"59.71516,10.80949",https://www.finn.no/bap/forsale/ad.html?finnkode=305244871,https://images.finncdn.no/dynamic/default/2023/5/vertical-0/29/1/305/244/871_97237069.jpg
305317665,Espresso maskin selges,Nesbru,1685442420000,3000,"59.86576,10.50792",https://www.finn.no/bap/forsale/ad.html?finnkode=305317665,https://images.finncdn.no/dynamic/default/2023/5/vertical-0/30/5/305/317/665_1646236002.jpg
305404156,DELONGHI ECAM 350.50.B KAFFEMASKIN,Oslo,1685481420000,5000,"59.92414,10.76469",https://www.finn.no/bap/forsale/ad.html?finnkode=305404156,https://images.finncdn.no/dynamic/default/2023/5/vertical-0/30/6/305/404/156_84418655.jpg
305323511,SIEMENS EQ.6 HELAUTOMATISK ESPRESSO/KAFFEMASKIN,Oslo,1685533380000,3500,"59.8871,10.85509",https://www.finn.no/bap/forsale/ad.html?finnkode=305323511,https://images.finncdn.no/dynamic/default/2023/5/vertical-0/30/1/305/323/511_504542738.jpg
305529598,Espressomaskin ariete 3 in 1 breakfast Station,Oslo,1685567820000,0,"59.92534,10.74267",https://www.finn.no/bap/forsale/ad.html?finnkode=305529598,
305745013,Lelit Mara X espressomaskin,Oslo,1685727840000,9900,"59.9274,10.75949",https://www.finn.no/bap/forsale/ad.html?finnkode=305745013,https://images.finncdn.no/dynamic/default/2023/6/vertical-0/02/3/305/745/013_1103102906.jpg
305892645,MELITTA Caffeo Passione Espressomaskin,Oslo,1685850420000,2990,"59.95483,10.79799",https://www.finn.no/bap/forsale/ad.html?finnkode=305892645,https://images.finncdn.no/dynamic/default/2023/6/vertical-0/04/5/305/892/645_678882417.jpg
305946248,Espressomaskin svart philips,Oslo,1685881020000,1200,"59.94929,10.77297",https://www.finn.no/bap/forsale/ad.html?finnkode=305946248,https://images.finncdn.no/dynamic/default/2023/6/vertical-0/04/8/305/946/248_857738735.jpg
306190648,Philips espressomaskin,Sandvika,1686039660000,1200,"59.89937,10.52187",https://www.finn.no/bap/forsale/ad.html?finnkode=306190648,https://images.finncdn.no/dynamic/default/2023/6/vertical-0/06/8/306/190/648_832840213.jpg
306202250,DeLonghi Cappuccino Smart kaffemaskin ett år gammel,Oslo,1686046140000,4700,"59.934,10.8882",https://www.finn.no/bap/forsale/ad.html?finnkode=306202250,https://images.finncdn.no/dynamic/default/2023/6/vertical-0/06/0/306/202/250_586688642.jpg
306278644,SAB Alice kaffemaskin,Gjettum,1686080940000,11000,"59.906,10.52149",https://www.finn.no/bap/forsale/ad.html?finnkode=306278644,https://images.finncdn.no/dynamic/default/2023/6/vertical-0/06/4/306/278/644_1457083184.jpg
266171234,KAFFEMASKIN - Siemens EQ 500 Classic Morning haze - ubetydelig brukt,Røyken,1686142740000,2000,"59.74609,10.42005",https://www.finn.no/bap/forsale/ad.html?finnkode=266171234,https://images.finncdn.no/dynamic/default/2022/7/vertical-0/22/4/266/171/234_1902568153.jpg
306375731,Bosch TAS4212 Tassimo Kaffemaskin,Oslo,1686153480000,299,"59.9354,10.92219",https://www.finn.no/bap/forsale/ad.html?finnkode=306375731,https://images.finncdn.no/dynamic/default/2023/6/vertical-0/07/1/306/375/731_1880344049.jpg
306402721,Rancilio Silva Espresso maskin selges,Lommedalen,1686165780000,2500,"59.95589,10.47613",https://www.finn.no/bap/forsale/ad.html?finnkode=306402721,https://images.finncdn.no/dynamic/default/2023/6/vertical-0/07/1/306/402/721_2082399745.jpg
306413089,Nesten ubrukt Cafelat Espresso Tamper Bambus,Oslo,1686170100000,250,"59.92928,10.77976",https://www.finn.no/bap/forsale/ad.html?finnkode=306413089,https://images.finncdn.no/dynamic/default/2023/6/vertical-0/07/9/306/413/089_640272188.jpg
306615228,PHILIPS EP2231/40 Espresso,Tårnåsen,1686329580000,3200,"59.81904,10.8152",https://www.finn.no/bap/forsale/ad.html?finnkode=306615228,https://images.finncdn.no/dynamic/default/2023/6/vertical-0/09/8/306/615/228_1239710151.jpg
262640315,Kvalitets espresso-brygger fra Shaki. 550mL,Oslo,1682934540000,500,"59.9427,10.641",https://www.finn.no/bap/forsale/ad.html?finnkode=262640315,https://images.finncdn.no/dynamic/default/2022/6/vertical-0/19/5/262/640/315_2100210259.jpg
306676141,kaffemaskin,Oslo,1686390540000,900,"59.92019,10.77474",https://www.finn.no/bap/forsale/ad.html?finnkode=306676141,https://images.finncdn.no/dynamic/default/2023/6/vertical-0/10/1/306/676/141_766198831.jpg
306855653,Pavoni Jolly — velholdt klassiker selges rimelig,Oslo,1686509460000,999,"59.93978,10.77662",https://www.finn.no/bap/forsale/ad.html?finnkode=306855653,https://images.finncdn.no/dynamic/default/2023/6/vertical-0/11/3/306/855/653_1540674620.jpg
307180332,Krups filter kaffemaskin med espresso mulighet,Oslo,1686738420000,800,"59.9075,10.7739",https://www.finn.no/bap/forsale/ad.html?finnkode=307180332,https://images.finncdn.no/dynamic/default/2023/6/vertical-0/14/2/307/180/332_1494902540.jpg
307189449,Rancilio Silva espressomaskin/RESERVERT!,Drøbak,1686743220000,4000,"59.675,10.62879",https://www.finn.no/bap/forsale/ad.html?finnkode=307189449,https://images.finncdn.no/dynamic/default/2023/6/vertical-0/14/9/307/189/449_962772575.jpg
280237216,Ode Fellow kaffekvern m/SSP,Oslo,1686810120000,4000,"59.9157,10.75869",https://www.finn.no/bap/forsale/ad.html?finnkode=280237216,https://images.finncdn.no/dynamic/default/2022/11/vertical-0/08/6/280/237/216_1316935116.jpg
307329259,Wilfa WSFB-100S,Oslo,1686843660000,2000,"59.90193,10.7744",https://www.finn.no/bap/forsale/ad.html?finnkode=307329259,https://images.finncdn.no/dynamic/default/2023/6/vertical-0/15/9/307/329/259_959334787.jpg
307454816,Kaffekvern - manuell kaffekvern,Oslo,1686944340000,1700,"59.9174,10.8192",https://www.finn.no/bap/forsale/ad.html?finnkode=307454816,https://images.finncdn.no/dynamic/default/2023/6/vertical-0/16/6/307/454/816_1632666539.jpg
307461073,"Rocket Cellini Evoluzione V2, espressomaskin",Lier,1686949200000,9000,"59.8018,10.21699",https://www.finn.no/bap/forsale/ad.html?finnkode=307461073,https://images.finncdn.no/dynamic/default/2023/6/vertical-0/16/3/307/461/073_962814505.jpg
307645226,De'Longhi kaffemaskin,Heggedal,1687100820000,799,"59.78605,10.44286",https://www.finn.no/bap/forsale/ad.html?finnkode=307645226,https://images.finncdn.no/dynamic/default/2023/6/vertical-0/18/6/307/645/226_1124009972.jpg
307772332,Sjöstrand espressomaskin,Oslo,1687182900000,1799,"59.94887,10.81484",https://www.finn.no/bap/forsale/ad.html?finnkode=307772332,https://images.finncdn.no/dynamic/default/2023/6/vertical-0/19/2/307/772/332_2005691055.jpg
307861940,Rancilio espressomaskin,Oslo,1687250040000,3900,"59.9356,10.75439",https://www.finn.no/bap/forsale/ad.html?finnkode=307861940,https://images.finncdn.no/dynamic/default/2023/6/vertical-0/20/0/307/861/940_1307285220.jpg
307958793,WMF Espresso Machine - som ny ( kun brukt en gang),Oslo,1687296240000,2500,"59.93195,10.79234",https://www.finn.no/bap/forsale/ad.html?finnkode=307958793,https://images.finncdn.no/dynamic/default/2023/6/vertical-0/20/3/307/958/793_1974705335.jpg
307976369,DeLonghi Magnifics S kaffemaskin selges,Drammen,1687327200000,1500,"59.74711,10.13861",https://www.finn.no/bap/forsale/ad.html?finnkode=307976369,https://images.finncdn.no/dynamic/default/2023/6/vertical-0/21/9/307/976/369_38826766.jpg
307984486,Francis Francis X1 espresso maskin,Oslo,1687332540000,6000,"59.9486,10.82721",https://www.finn.no/bap/forsale/ad.html?finnkode=307984486,https://images.finncdn.no/dynamic/default/2023/6/vertical-0/21/6/307/984/486_2078800277.jpg
308040039,Baristamaskin/kaffe/espresso,Oslo,1687358820000,6999,"59.9774,10.661",https://www.finn.no/bap/forsale/ad.html?finnkode=308040039,https://images.finncdn.no/dynamic/default/2023/6/vertical-0/21/9/308/040/039_623966541.jpg
308124585,Krups espressomaskin,Billingstad,1687426620000,0,"59.87486,10.48444",https://www.finn.no/bap/forsale/ad.html?finnkode=308124585,https://images.finncdn.no/dynamic/default/2023/6/vertical-0/22/5/308/124/585_1505378078.jpg
308160812,Espresso filterholder rosewood,Mjøndalen,1687445220000,700,"59.73625,10.02663",https://www.finn.no/bap/forsale/ad.html?finnkode=308160812,https://images.finncdn.no/dynamic/default/2023/6/vertical-0/22/2/308/160/812_352745514.jpg
308117002,Rocket Appartamento espressomaskin,Oslo,1687450860000,14000,"59.93734,10.76756",https://www.finn.no/bap/forsale/ad.html?finnkode=308117002,https://images.finncdn.no/dynamic/default/2023/6/vertical-0/22/2/308/117/002_701884614.jpg
308199218,Electra Microcasa a Leva espressomaskin,Nesodden,1687467540000,14900,"59.80939,10.68573",https://www.finn.no/bap/forsale/ad.html?finnkode=308199218,https://images.finncdn.no/dynamic/default/2023/6/vertical-0/22/8/308/199/218_1763079639.jpg
308255131,Delonghi Magnifica S Smart,Oslo,1687519620000,2300,"59.92259,10.74214",https://www.finn.no/bap/forsale/ad.html?finnkode=308255131,https://images.finncdn.no/dynamic/default/2023/6/vertical-0/23/1/308/255/131_722505477.jpg
308262449,Hario håndkvern til Kaffe,Drøbak,1687523640000,1300,"59.6498,10.63799",https://www.finn.no/bap/forsale/ad.html?finnkode=308262449,https://images.finncdn.no/dynamic/default/2023/6/vertical-0/23/9/308/262/449_1295298178.jpg
308401564,DēLonghi kaffemaskin,Heggedal,1687635600000,1850,"59.78605,10.44286",https://www.finn.no/bap/forsale/ad.html?finnkode=308401564,https://images.finncdn.no/dynamic/default/2023/6/vertical-0/24/4/308/401/564_1001250851.jpg
308354761,Pent brukt Philips Series 2200 Kaffemaskin,Oslo,1687698120000,2000,"59.95161,10.69532",https://www.finn.no/bap/forsale/ad.html?finnkode=308354761,https://images.finncdn.no/dynamic/default/2023/6/vertical-0/25/1/308/354/761_2020997670.jpg
308580214,La pavoni espresso maskin,Oslo,1687776180000,1400,"59.9075,10.7739",https://www.finn.no/bap/forsale/ad.html?finnkode=308580214,https://images.finncdn.no/dynamic/default/2023/6/vertical-0/26/4/308/580/214_154680569.jpg
308613518,Fantastisk espresso-pakke selges.,Oslo,1687792020000,5000,"59.92895,10.74509",https://www.finn.no/bap/forsale/ad.html?finnkode=308613518,https://images.finncdn.no/dynamic/default/2023/6/vertical-0/26/8/308/613/518_506174762.jpg
308956513,Krups kaffemaskin,Oslo,1688033040000,350,"59.9086,10.79011",https://www.finn.no/bap/forsale/ad.html?finnkode=308956513,https://images.finncdn.no/dynamic/default/2023/6/vertical-0/29/3/308/956/513_810467767.jpg
308982534,Gaggia Titanium espresso maskin,Stabekk,1688046300000,2000,"59.91154,10.60185",https://www.finn.no/bap/forsale/ad.html?finnkode=308982534,https://images.finncdn.no/dynamic/default/2023/6/vertical-0/29/4/308/982/534_980721588.jpg
308986308,SIEMENS - Surpresso compact pure black,Kolbotn,1688049180000,1900,"59.81116,10.79439",https://www.finn.no/bap/forsale/ad.html?finnkode=308986308,https://images.finncdn.no/dynamic/default/2023/6/vertical-0/29/8/308/986/308_1200727519.jpg
308998188,Saeco Poemia espresso kaffemaskin,Sandvika,1688052960000,300,"59.89243,10.52334",https://www.finn.no/bap/forsale/ad.html?finnkode=308998188,https://images.finncdn.no/dynamic/default/2023/6/vertical-0/29/8/308/998/188_854772468.jpg
309253481,Brukt espressomaskin,Oslo,1688236380000,300,"59.9305,10.7221",https://www.finn.no/bap/forsale/ad.html?finnkode=309253481,https://images.finncdn.no/dynamic/default/2023/7/vertical-0/01/1/309/253/481_895646375.jpg
309293722,Gaggia,Oslo,1688287320000,500,"59.92756,10.77504",https://www.finn.no/bap/forsale/ad.html?finnkode=309293722,https://images.finncdn.no/dynamic/default/2023/7/vertical-0/02/2/309/293/722_2066923236.jpg
309327232,1Zpresso K-max manuell kaffekvern,Røyken,1688297940000,2200,"59.7472,10.3883",https://www.finn.no/bap/forsale/ad.html?finnkode=309327232,https://images.finncdn.no/dynamic/default/2023/7/vertical-0/02/2/309/327/232_233079126.jpg
309328529,Flair 58 med ekstra utstyr,Røyken,1688298900000,5500,"59.7472,10.3883",https://www.finn.no/bap/forsale/ad.html?finnkode=309328529,https://images.finncdn.no/dynamic/default/2023/7/vertical-0/02/9/309/328/529_287658337.jpg
309390212,Krups kaffemaskin kaffetrakter espresso cappucino,Lommedalen,1688318280000,250,"59.95557,10.47924",https://www.finn.no/bap/forsale/ad.html?finnkode=309390212,https://images.finncdn.no/dynamic/default/2023/7/vertical-0/02/2/309/390/212_523779484.jpg
309377368,Rancilio Silvia espresso maskin,Oslo,1688365320000,2500,"59.89076,10.84143",https://www.finn.no/bap/forsale/ad.html?finnkode=309377368,https://images.finncdn.no/dynamic/default/2023/7/vertical-0/03/8/309/377/368_1543965824.jpg
309459950,SIEMENS EQ.6 HELAUTOMATISK ESPRESSO/KAFFEMASKIN,Oslo,1688375820000,2800,"59.8871,10.85509",https://www.finn.no/bap/forsale/ad.html?finnkode=309459950,https://images.finncdn.no/dynamic/default/2023/7/vertical-0/03/0/309/459/950_1909788249.jpg
306756192,"Espresso puck-filter 58,5mm",Hosle,1686467040000,295,"59.93577,10.59195",https://www.finn.no/bap/forsale/ad.html?finnkode=306756192,https://images.finncdn.no/dynamic/default/2023/6/vertical-0/11/2/306/756/192_1981809623.jpg
309622801,Melitta Kaffemaskin,Sætre,1688471100000,1000,"59.6815,10.527",https://www.finn.no/bap/forsale/ad.html?finnkode=309622801,https://images.finncdn.no/dynamic/default/2023/7/vertical-0/04/1/309/622/801_746563246.jpg
309745723,Philips Saeco Incanto Espressomaskin m/ melkeskummer,Drammen,1688551440000,3200,"59.7342,10.18994",https://www.finn.no/bap/forsale/ad.html?finnkode=309745723,https://images.finncdn.no/dynamic/default/2023/7/vertical-0/05/3/309/745/723_273833023.jpg
309778339,Gaggia Classic Original + tilbehør,Oslo,1688566860000,2200,"59.92661,10.71542",https://www.finn.no/bap/forsale/ad.html?finnkode=309778339,https://images.finncdn.no/dynamic/default/2023/7/vertical-0/05/9/309/778/339_2143256589.jpg
309897054,Espresso maskin Siemens EQ.6 Plus s300,Oslo,1688649060000,4000,"59.9127,10.7207",https://www.finn.no/bap/forsale/ad.html?finnkode=309897054,https://images.finncdn.no/dynamic/default/2023/7/vertical-0/06/4/309/897/054_397271192.jpg
309983675,Philips LatteGo kaffemaskin,Oslo,1688719200000,2900,"59.94946,10.76511",https://www.finn.no/bap/forsale/ad.html?finnkode=309983675,https://images.finncdn.no/dynamic/default/2023/7/vertical-0/07/5/309/983/675_890658727.jpg
310085216,Philips LatteGo EP223140 kaffemaskin,Oslo,1688803200000,3750,"59.94929,10.77297",https://www.finn.no/bap/forsale/ad.html?finnkode=310085216,https://images.finncdn.no/dynamic/default/2023/7/vertical-0/08/6/310/085/216_2023549428.jpg
310033158,KitchenAid Artisan Kaffekvern,Oslo,1688743440000,1800,"59.92924,10.74811",https://www.finn.no/bap/forsale/ad.html?finnkode=310033158,https://images.finncdn.no/dynamic/default/2023/7/vertical-0/07/8/310/033/158_12228227.jpg
310170379,Isomac Tea cooltouch espressomaskin,Østerås,1688887740000,4000,"59.94718,10.60458",https://www.finn.no/bap/forsale/ad.html?finnkode=310170379,https://images.finncdn.no/dynamic/default/2023/7/vertical-0/09/9/310/170/379_124543369.jpg
310337850,DeLonghi Dedica espresso kaffemaskin,Oslo,1689002100000,750,"59.9396,10.6663",https://www.finn.no/bap/forsale/ad.html?finnkode=310337850,https://images.finncdn.no/dynamic/default/2023/7/vertical-0/10/0/310/337/850_1640670721.jpg
310393561,Loir Subleme Barista kappsel maskin,Rykkinn,1689053760000,500,"59.92746,10.48694",https://www.finn.no/bap/forsale/ad.html?finnkode=310393561,
310394493,Russel Hobbs kaffetrakter,Rykkinn,1689055380000,750,"59.92746,10.48694",https://www.finn.no/bap/forsale/ad.html?finnkode=310394493,
309897571,Philips espresso maskin,Oslo,1689072720000,1750,"59.87468,10.81208",https://www.finn.no/bap/forsale/ad.html?finnkode=309897571,https://images.finncdn.no/dynamic/default/2023/7/vertical-0/06/1/309/897/571_1937214473.jpg
310619664,La Pavoni,Oslo,1689188400000,6800,"59.92742,10.72083",https://www.finn.no/bap/forsale/ad.html?finnkode=310619664,https://images.finncdn.no/dynamic/default/2023/7/vertical-0/12/4/310/619/664_1631654370.jpg
310703737,DeLonghi Espressomaskin EC685 metall,Østerås,1689258840000,1000,"59.9419,10.60761",https://www.finn.no/bap/forsale/ad.html?finnkode=310703737,https://images.finncdn.no/dynamic/default/2023/7/vertical-0/13/7/310/703/737_1779134558.jpg
310922246,Compak k10 WBC kaffekvern,Mjøndalen,1689434580000,3000,"59.7423,10.01133",https://www.finn.no/bap/forsale/ad.html?finnkode=310922246,https://images.finncdn.no/dynamic/default/2023/7/vertical-0/15/6/310/922/246_629569190.jpg
310992227,DeLonghi Magnifica S ECAM21117B kaffemaskin,Oslo,1689504120000,2500,"59.94691,10.7718",https://www.finn.no/bap/forsale/ad.html?finnkode=310992227,https://images.finncdn.no/dynamic/default/2023/7/vertical-0/16/7/310/992/227_1911151744.jpg
310993459,Isomac Tea Cooltouch,Oslo,1689504060000,8500,"59.9179,10.71008",https://www.finn.no/bap/forsale/ad.html?finnkode=310993459,https://images.finncdn.no/dynamic/default/2023/7/vertical-0/16/9/310/993/459_392307027.jpg
311123961,IKEA espresso kaffemaskin,Oslo,1689586260000,500,"59.9268,10.72381",https://www.finn.no/bap/forsale/ad.html?finnkode=311123961,https://images.finncdn.no/dynamic/default/2023/7/vertical-0/17/1/311/123/961_773129094.jpg
311235582,"2 kaffemaskin, ekspresso,",Oslo,1689642180000,0,"59.9099,10.7466",https://www.finn.no/bap/forsale/ad.html?finnkode=311235582,https://images.finncdn.no/dynamic/default/2023/7/vertical-0/18/2/311/235/582_858790460.jpg
311245849,"Jura A1 kafeemaskin, hvit",Vettre,1689666240000,3800,"59.8257,10.46919",https://www.finn.no/bap/forsale/ad.html?finnkode=311245849,https://images.finncdn.no/dynamic/default/2023/7/vertical-0/18/9/311/245/849_1430229242.jpg
311385827,Ascaso Dream One espressomaskin (må repareres),Snarøya,1689761400000,1000,"59.88003,10.6101",https://www.finn.no/bap/forsale/ad.html?finnkode=311385827,https://images.finncdn.no/dynamic/default/2023/7/vertical-0/19/7/311/385/827_1449557146.jpg
311399374,Della Corte Mini Espressomaskin selges,Oslo,1689767160000,9000,"59.95632,10.67975",https://www.finn.no/bap/forsale/ad.html?finnkode=311399374,https://images.finncdn.no/dynamic/default/2023/7/vertical-0/19/4/311/399/374_904623991.jpg
311463166,Espresso Coban Alessi m steamer retro,Høvik,1689795840000,500,"59.8991,10.57008",https://www.finn.no/bap/forsale/ad.html?finnkode=311463166,
311506034,Stilig espressomaskin,Oslo,1689852000000,700,"59.95617,10.79092",https://www.finn.no/bap/forsale/ad.html?finnkode=311506034,https://images.finncdn.no/dynamic/default/2023/7/vertical-0/20/4/311/506/034_1314952493.jpg
311535776,Kaffe og Espresso  maskin La Pavoni ( nesten helt ny),Oslo,1689862080000,7500,"59.9284,10.7221",https://www.finn.no/bap/forsale/ad.html?finnkode=311535776,https://images.finncdn.no/dynamic/default/2023/7/vertical-0/20/6/311/535/776_996251435.jpg
311653063,1Zpresso J-Max Manuell kaffekvern,Oslo,1689949140000,1500,"59.9321,10.6362",https://www.finn.no/bap/forsale/ad.html?finnkode=311653063,https://images.finncdn.no/dynamic/default/2023/7/vertical-0/21/3/311/653/063_906081523.jpg
279082959,Krups kaffemaskin,Oslo,1690183260000,800,"59.8796,10.8524",https://www.finn.no/bap/forsale/ad.html?finnkode=279082959,https://images.finncdn.no/dynamic/default/2022/10/vertical-0/30/9/279/082/959_1958847487.jpg
311997309,Niche zero kaffekvern i Svart,Oslo,1690203240000,6500,"59.9321,10.6362",https://www.finn.no/bap/forsale/ad.html?finnkode=311997309,https://images.finncdn.no/dynamic/default/2023/7/vertical-0/24/9/311/997/309_376687644.jpg
312163019,KitchenAid Artisan kaffemaskin,Langhus,1690298580000,2500,"59.76554,10.86333",https://www.finn.no/bap/forsale/ad.html?finnkode=312163019,https://images.finncdn.no/dynamic/default/2023/7/vertical-0/25/9/312/163/019_1586387996.jpg
312312571,Kaffekvern - Gaggia MDF,Oslo,1690389420000,1399,"59.91206,10.76586",https://www.finn.no/bap/forsale/ad.html?finnkode=312312571,https://images.finncdn.no/dynamic/default/2023/7/vertical-0/26/1/312/312/571_176020418.jpg
312502576,Ascaso Steel I-2 espressokvern,Oslo,1690532880000,3000,"59.9075,10.7739",https://www.finn.no/bap/forsale/ad.html?finnkode=312502576,https://images.finncdn.no/dynamic/default/2023/7/vertical-0/28/6/312/502/576_785544026.jpg
309729138,Rancilio Silvia espressomaskin selges billig og godt brukt,Vollen,1688544840000,1900,"59.80939,10.48426",https://www.finn.no/bap/forsale/ad.html?finnkode=309729138,https://images.finncdn.no/dynamic/default/2023/7/vertical-0/05/8/309/729/138_1989602914.jpg
312531448,gaggia espressomaskin med melkesteamer og kverner,Sandvika,1690544340000,1500,"59.89243,10.52334",https://www.finn.no/bap/forsale/ad.html?finnkode=312531448,https://images.finncdn.no/dynamic/default/2023/7/vertical-0/28/8/312/531/448_1261085028.jpg
312570135,La Pavoni ( vintage ) Europiccola. Espresso og Kaffemaskin,Oslo,1690562040000,6900,"59.9284,10.7221",https://www.finn.no/bap/forsale/ad.html?finnkode=312570135,https://images.finncdn.no/dynamic/default/2023/7/vertical-0/28/5/312/570/135_623998517.jpg
312784162,DeLonghi Magnifica S Smart kaffemaskin,Billingstad,1690719960000,2000,"59.87486,10.48444",https://www.finn.no/bap/forsale/ad.html?finnkode=312784162,https://images.finncdn.no/dynamic/default/2023/7/vertical-0/30/2/312/784/162_1364096242.jpg
312788818,Tamper,Oslo,1690720860000,200,"59.9312,10.73109",https://www.finn.no/bap/forsale/ad.html?finnkode=312788818,https://images.finncdn.no/dynamic/default/2023/7/vertical-0/30/8/312/788/818_615996098.jpg
312825751,espresso machine,Oppegård,1690731600000,500,"59.76708,10.81164",https://www.finn.no/bap/forsale/ad.html?finnkode=312825751,https://images.finncdn.no/dynamic/default/2023/7/vertical-0/30/1/312/825/751_1950184504.jpg
312786231,OBH Nordica Precision GD700  kaffekvern selges. Som ny.,Ås,1690740900000,250,"59.66022,10.79473",https://www.finn.no/bap/forsale/ad.html?finnkode=312786231,https://images.finncdn.no/dynamic/default/2023/7/vertical-0/30/1/312/786/231_198469086.jpg
312937241,SAGE The Barista Pro (Espressomaskin),Oslo,1690801200000,6500,"59.9595,10.69289",https://www.finn.no/bap/forsale/ad.html?finnkode=312937241,https://images.finncdn.no/dynamic/default/2023/7/vertical-0/31/1/312/937/241_89199285.jpg
312971158,Gir bort espresso maskin med steamer,Oslo,1690812360000,0,"59.9307,10.6436",https://www.finn.no/bap/forsale/ad.html?finnkode=312971158,https://images.finncdn.no/dynamic/default/2023/7/vertical-0/31/8/312/971/158_576645178.jpg
313048273,DeLonghi Cappuccino Smart ECAM23.260.B kaffemaskin,Oslo,1690842360000,3000,"59.9307,10.7538",https://www.finn.no/bap/forsale/ad.html?finnkode=313048273,https://images.finncdn.no/dynamic/default/2023/7/vertical-0/31/3/313/048/273_1542897475.jpg
313220602,kaffemaskin - Espresso,Oslo,1690963620000,500,"59.89452,10.79642",https://www.finn.no/bap/forsale/ad.html?finnkode=313220602,https://images.finncdn.no/dynamic/default/2023/8/vertical-0/02/2/313/220/602_1894012826.jpg
313215881,kaffekvern Ascasa,Oslo,1690961640000,1000,"59.94339,10.69875",https://www.finn.no/bap/forsale/ad.html?finnkode=313215881,https://images.finncdn.no/dynamic/default/2023/8/vertical-0/02/1/313/215/881_696938541.jpg
313270155,Illy espresso kaffemaskin,Oslo,1690981500000,600,"59.92288,10.75828",https://www.finn.no/bap/forsale/ad.html?finnkode=313270155,https://images.finncdn.no/dynamic/default/2023/8/vertical-0/02/5/313/270/155_1515918663.png
313291700,Espresso kaffemaskin,Oslo,1690989960000,600,"59.9397,10.7627",https://www.finn.no/bap/forsale/ad.html?finnkode=313291700,https://images.finncdn.no/dynamic/default/2023/8/vertical-0/02/0/313/291/700_329524117.jpg
313298564,Espresso Essenza svart,Oslo,1690992600000,0,"59.93069,10.71219",https://www.finn.no/bap/forsale/ad.html?finnkode=313298564,https://images.finncdn.no/dynamic/default/2023/8/vertical-0/02/4/313/298/564_2017048835.jpg
313306738,Sage Barista espresso kaffemaskin,Høvik,1690995780000,5000,"59.8991,10.57008",https://www.finn.no/bap/forsale/ad.html?finnkode=313306738,https://images.finncdn.no/dynamic/default/2023/8/vertical-0/02/8/313/306/738_1586340624.jpg
313418055,Combi Kaffe Espresso Maskin Krups,Oslo,1691067600000,400,"59.85491,10.82368",https://www.finn.no/bap/forsale/ad.html?finnkode=313418055,https://images.finncdn.no/dynamic/default/2023/8/vertical-0/03/5/313/418/055_200156803.jpg
313450087,Espressokanne/espressokoker,Oslo,1691080560000,600,"59.91108,10.7723",https://www.finn.no/bap/forsale/ad.html?finnkode=313450087,https://images.finncdn.no/dynamic/default/2023/8/vertical-0/03/7/313/450/087_1987122380.jpg
313551164,Mahlkönig Vario kaffekvern bra stand mye ekstra utstyr.,Oslo,1691148900000,2700,"59.9427,10.7599",https://www.finn.no/bap/forsale/ad.html?finnkode=313551164,https://images.finncdn.no/dynamic/default/2023/8/vertical-0/04/4/313/551/164_194594788.jpg
313568304,Vibiemme Domobar Jr 2B espressomaskin,Oslo,1691155800000,10000,"59.91597,10.8107",https://www.finn.no/bap/forsale/ad.html?finnkode=313568304,https://images.finncdn.no/dynamic/default/2023/8/vertical-0/04/4/313/568/304_1878567042.jpg
313164863,Nesten Ubrukt KitchenAid Artisan kaffemaskin i LIMITED EDITION (sølv),Drøbak,1691160240000,15000,"59.6771,10.65811",https://www.finn.no/bap/forsale/ad.html?finnkode=313164863,https://images.finncdn.no/dynamic/default/2023/8/vertical-0/04/3/313/164/863_1165484480.jpg
313680485,DeLonghi MagnificaS,Oslo,1691230560000,1800,"59.94946,10.76511",https://www.finn.no/bap/forsale/ad.html?finnkode=313680485,https://images.finncdn.no/dynamic/default/2023/8/vertical-0/05/5/313/680/485_427404875.jpg
313836172,Isomac Tea espressomaskin selges (delmaskin),Oslo,1691318460000,3500,"59.9595,10.69289",https://www.finn.no/bap/forsale/ad.html?finnkode=313836172,https://images.finncdn.no/dynamic/default/2023/8/vertical-0/06/2/313/836/172_651165195.jpg
313863365,"Hario Coffee Mill, keramik, skerton",Oslo,1691324640000,300,"59.92021,10.71612",https://www.finn.no/bap/forsale/ad.html?finnkode=313863365,https://images.finncdn.no/dynamic/default/2023/8/vertical-0/06/5/313/863/365_1748514783.jpg
313883777,Sage espressomaskin,Oslo,1691329560000,5000,"59.8432,10.80919",https://www.finn.no/bap/forsale/ad.html?finnkode=313883777,https://images.finncdn.no/dynamic/default/2023/8/vertical-0/06/7/313/883/777_1491033807.jpg
313882271,Niche Zero,Oslo,1691330100000,7999,"59.90288,10.75555",https://www.finn.no/bap/forsale/ad.html?finnkode=313882271,https://images.finncdn.no/dynamic/default/2023/8/vertical-0/06/1/313/882/271_2116433604.jpg
313911279,Espresso kaffemaskin,Oslo,1691337360000,400,"59.9259,10.76864",https://www.finn.no/bap/forsale/ad.html?finnkode=313911279,https://images.finncdn.no/dynamic/default/2023/8/vertical-0/06/9/313/911/279_2059046005.jpg
314010072,SimensTE806,Tårnåsen,1691401740000,2500,"59.81407,10.81136",https://www.finn.no/bap/forsale/ad.html?finnkode=314010072,https://images.finncdn.no/dynamic/default/2023/8/vertical-0/07/2/314/010/072_1732695388.jpg
314073901,Espresso maskin,Rykkinn,1691421480000,2200,"59.93052,10.48199",https://www.finn.no/bap/forsale/ad.html?finnkode=314073901,https://images.finncdn.no/dynamic/default/2023/8/vertical-0/07/1/314/073/901_515503419.jpg
314084449,Kaffe- og espressomaskin fra Bosch,Oslo,1691424840000,1500,"59.9647,10.79471",https://www.finn.no/bap/forsale/ad.html?finnkode=314084449,https://images.finncdn.no/dynamic/default/2023/8/vertical-0/07/9/314/084/449_131491427.jpg
314139391,Option-O Lagom P100,Oslo,1691443440000,30000,"59.93305,10.67624",https://www.finn.no/bap/forsale/ad.html?finnkode=314139391,https://images.finncdn.no/dynamic/default/2023/8/vertical-0/07/1/314/139/391_1933169553.jpg
314195463,DeLonghi kaffemaskin,Oslo,1691492700000,1200,"59.93305,10.67624",https://www.finn.no/bap/forsale/ad.html?finnkode=314195463,https://images.finncdn.no/dynamic/default/2023/8/vertical-0/08/3/314/195/463_181961016.jpg
314205874,Illy espresso X7 kaffemaskin,Oslo,1691505720000,500,"59.93849,10.75327",https://www.finn.no/bap/forsale/ad.html?finnkode=314205874,https://images.finncdn.no/dynamic/default/2023/8/vertical-0/08/4/314/205/874_623675420.jpg
314416620,Kaffemaskin - Phillips 4000 HD8844,Oslo,1691593680000,1000,"59.90752,10.77386",https://www.finn.no/bap/forsale/ad.html?finnkode=314416620,https://images.finncdn.no/dynamic/default/2023/8/vertical-0/09/0/314/416/620_2133782925.jpg
314438604,Defekt Miele kaffemaskin gis bort mot henting,Drammen,1691600700000,0,"59.72767,10.24007",https://www.finn.no/bap/forsale/ad.html?finnkode=314438604,https://images.finncdn.no/dynamic/default/2023/8/vertical-0/09/4/314/438/604_997847788.jpg
313987339,Rancilio Silvia espressomaskin med PID,Oslo,1691391780000,5000,"60.01478,10.59139",https://www.finn.no/bap/forsale/ad.html?finnkode=313987339,https://images.finncdn.no/dynamic/default/2023/8/vertical-0/07/9/313/987/339_1798999362.jpg
314528065,Delonghi espressomaskin,Oslo,1691662380000,1000,"59.92691,10.71217",https://www.finn.no/bap/forsale/ad.html?finnkode=314528065,https://images.finncdn.no/dynamic/default/2023/8/vertical-0/10/5/314/528/065_894342954.jpg
314584477,Ariete Vintage kaffemaskin 138914 (grønn),Oslo,1691683920000,1000,"59.88401,10.77083",https://www.finn.no/bap/forsale/ad.html?finnkode=314584477,https://images.finncdn.no/dynamic/default/2023/8/vertical-0/10/7/314/584/477_360857670.png
314580096,Timemore Chestnut C3 manuell kaffekvern,Oslo,1691682720000,500,"59.93241,10.76007",https://www.finn.no/bap/forsale/ad.html?finnkode=314580096,https://images.finncdn.no/dynamic/default/2023/8/vertical-0/10/6/314/580/096_1480377459.jpg
314635489,DeLonghi Magnifica S espressomaskin,Oslo,1691705580000,2000,"59.90391,10.75821",https://www.finn.no/bap/forsale/ad.html?finnkode=314635489,https://images.finncdn.no/dynamic/default/2023/8/vertical-0/10/9/314/635/489_2067958038.jpg
314690792,Philips Espresso EP4010/00 kaffemaskin,Oslo,1691754960000,1500,"59.9311,10.78139",https://www.finn.no/bap/forsale/ad.html?finnkode=314690792,https://images.finncdn.no/dynamic/default/2023/8/vertical-0/11/2/314/690/792_729999163.png
314733381,Portafilter til  Olympia Cremina espressomaskin,Oslo,1691774220000,1800,"59.9174,10.8192",https://www.finn.no/bap/forsale/ad.html?finnkode=314733381,https://images.finncdn.no/dynamic/default/2023/8/vertical-0/11/1/314/733/381_1297380790.jpg
314788889,Jura Ena 7 Espresso kaffemaskin med melkeskummer,Vettre,1691828460000,3500,"59.8257,10.46919",https://www.finn.no/bap/forsale/ad.html?finnkode=314788889,https://images.finncdn.no/dynamic/default/2023/8/vertical-0/12/9/314/788/889_90021563.jpg
314986942,De Longhi Magnifica S kaffemaskin,Røyse,1691929200000,950,"60.09215,10.28956",https://www.finn.no/bap/forsale/ad.html?finnkode=314986942,https://images.finncdn.no/dynamic/default/2023/8/vertical-0/13/2/314/986/942_2115565674.jpg
315072765,Espresso kaffekoker,Oslo,1691948820000,100,"59.88089,10.85208",https://www.finn.no/bap/forsale/ad.html?finnkode=315072765,https://images.finncdn.no/dynamic/default/2023/8/vertical-0/13/5/315/072/765_550882293.jpg
315253900,Sage kaffekvern selges billig!,Oslo,1692040140000,2300,"59.93472,10.70437",https://www.finn.no/bap/forsale/ad.html?finnkode=315253900,https://images.finncdn.no/dynamic/default/2023/8/vertical-0/14/0/315/253/900_1612969329.jpg
315351212,Espresso maskin Simonelli musica (må fikses),Oslo,1692104820000,500,"59.9441,10.7735",https://www.finn.no/bap/forsale/ad.html?finnkode=315351212,https://images.finncdn.no/dynamic/default/2023/8/vertical-0/15/2/315/351/212_2076028200.jpg
315383557,Kaffemaskin: Delonghi magnifica S,Ski,1692116040000,2000,"59.72011,10.81583",https://www.finn.no/bap/forsale/ad.html?finnkode=315383557,https://images.finncdn.no/dynamic/default/2023/8/vertical-0/15/7/315/383/557_1695508892.jpg
315383548,Rancilio Miss Silvia,Drammen,1692116220000,3200,"59.7538,10.1183",https://www.finn.no/bap/forsale/ad.html?finnkode=315383548,https://images.finncdn.no/dynamic/default/2023/8/vertical-0/15/8/315/383/548_517568448.jpg
315450722,CAFFE LUSSO PRO ESPRESSO MASKIN,Nesoddtangen,1692165240000,700,"59.84775,10.66247",https://www.finn.no/bap/forsale/ad.html?finnkode=315450722,https://images.finncdn.no/dynamic/default/2023/8/vertical-0/16/2/315/450/722_1462972447.jpg
315618310,DeLonghi Caffe Carmen Pump Espresso Make,Fornebu,1692262800000,1500,"59.89735,10.61003",https://www.finn.no/bap/forsale/ad.html?finnkode=315618310,https://images.finncdn.no/dynamic/default/2023/8/vertical-0/17/0/315/618/310_1917706830.png
315756991,VertuoPlus Deluxe Sølv Kaffemaskin,Oppegård,1692346920000,750,"59.764,10.80743",https://www.finn.no/bap/forsale/ad.html?finnkode=315756991,https://images.finncdn.no/dynamic/default/2023/8/vertical-0/18/1/315/756/991_525405738.jpg
315889936,Kaffemaskin,Oslo,1692437040000,6500,"59.92558,10.72125",https://www.finn.no/bap/forsale/ad.html?finnkode=315889936,https://images.finncdn.no/dynamic/default/2023/8/vertical-0/19/6/315/889/936_670923462.jpg
315953729,DeLonghi Kaffemaskin,Oslo,1692459000000,1500,"59.9238,10.63437",https://www.finn.no/bap/forsale/ad.html?finnkode=315953729,https://images.finncdn.no/dynamic/default/2023/8/vertical-0/19/9/315/953/729_605752682.jpg
315959194,Rancilio Silvia espressomaskin,Haslum,1692466320000,3400,"59.91563,10.56083",https://www.finn.no/bap/forsale/ad.html?finnkode=315959194,https://images.finncdn.no/dynamic/default/2023/8/vertical-0/19/4/315/959/194_1478436028.jpg
315990773,Isomac Granmacinino profesjonale grinder,Slependen,1692476460000,1200,"59.88583,10.50264",https://www.finn.no/bap/forsale/ad.html?finnkode=315990773,https://images.finncdn.no/dynamic/default/2023/8/vertical-0/19/3/315/990/773_203399935.jpg
316026291,Espresso kaffemaskin Classic Gaggia,Fornebu,1692522000000,600,"59.89224,10.61885",https://www.finn.no/bap/forsale/ad.html?finnkode=316026291,https://images.finncdn.no/dynamic/default/2023/8/vertical-0/20/1/316/026/291_1319661874.jpg
316038359,Rancilio Rocky kaffekvern,Ski,1692525420000,2700,"59.7197,10.8356",https://www.finn.no/bap/forsale/ad.html?finnkode=316038359,https://images.finncdn.no/dynamic/default/2023/8/vertical-0/20/9/316/038/359_1909014980.jpg
316027206,Lelit espressomaskin m/ melkesteamer,Ski,1692523980000,2800,"59.7197,10.8356",https://www.finn.no/bap/forsale/ad.html?finnkode=316027206,https://images.finncdn.no/dynamic/default/2023/8/vertical-0/20/6/316/027/206_1693944957.jpg
316221995,espressomaskin,Oslo,1692617460000,900,"59.9334,10.74179",https://www.finn.no/bap/forsale/ad.html?finnkode=316221995,https://images.finncdn.no/dynamic/default/2023/8/vertical-0/21/5/316/221/995_1612598766.jpg
316306879,Delonghi kaffemaskin,Oslo,1692639360000,1700,"59.93237,10.74576",https://www.finn.no/bap/forsale/ad.html?finnkode=316306879,https://images.finncdn.no/dynamic/default/2023/8/vertical-0/21/9/316/306/879_540381486.jpg
316301690,Philips LatteGo EP 2231/40 kaffemaskin,Oslo,1692637740000,3000,"59.9518,10.8773",https://www.finn.no/bap/forsale/ad.html?finnkode=316301690,https://images.finncdn.no/dynamic/default/2023/8/vertical-0/21/0/316/301/690_1581642301.jpg
316382541,DeLonghi 3i1 kaffemaskin,Oslo,1692699120000,1050,"59.92812,10.65304",https://www.finn.no/bap/forsale/ad.html?finnkode=316382541,https://images.finncdn.no/dynamic/default/2023/8/vertical-0/22/1/316/382/541_1312313698.jpg
316402323,Espresso / Kaffemaskin / Barista Pro Sage,Ski,1692706380000,5000,"59.71594,10.84214",https://www.finn.no/bap/forsale/ad.html?finnkode=316402323,https://images.finncdn.no/dynamic/default/2023/8/vertical-0/22/3/316/402/323_1551962837.jpg
